KEY,FREQ,REF_AREA,IR_TYPE,TR_TYPE,MATURITY_CAT,BS_COUNT_SECTOR,CURRENCY_TRANS,IR_BUS_COV,IR_FV_TYPE,TIME_PERIOD,OBS_VALUE,OBS_STATUS,OBS_CONF,OBS_PRE_BREAK,OBS_COM,TIME_FORMAT,BREAKS,COLLECTION,COMPILING_ORG,DISS_ORG,DOM_SER_IDS,PUBL_ECB,PUBL_MU,PUBL_PUBLIC,COMPILATION,COVERAGE,DECIMALS,NAT_TITLE,SOURCE_AGENCY,TITLE,TITLE_COMPL,UNIT,UNIT_MULT
IRS.M.RO.L.L40.CI.0000.RON.N.Z,M,RO,L,L40,CI,0000,RON,N,Z,2005-04,6.75,A,F,,,P1M,RO0515DBN0H8 11/04/2005-31/12/2005RO0515DBN0T3 06/06/2005-31/12/2005RO0515DBN119 31/12/2005-presentRO0515DBN143 31/12/2005-present,A,,,,,,,,,2,Ministry of Public FinanceCentral GovernmentOTC marketBasket (#1) no direct adjustmentsgross of taxredemption yield formula,,Long-term interest rate for convergence purposes - Romanian leu,"Romania, Long-term interest rate for convergence purposes - Unspecified rate type, Debt security issued, 10 years maturity, New business coverage, denominated in Romanian leu - Unspecified counterpart sector",PC,0
IRS.M.RO.L.L40.CI.0000.RON.N.Z,M,RO,L,L40,CI,0000,RON,N,Z,2005-05,6.75,A,F,,,P1M,RO0515DBN0H8 11/04/2005-31/12/2005RO0515DBN0T3 06/06/2005-31/12/2005RO0515DBN119 31/12/2005-presentRO0515DBN143 31/12/2005-present,A,,,,,,,,,2,Ministry of Public FinanceCentral GovernmentOTC marketBasket (#1) no direct adjustmentsgross of taxredemption yield formula,,Long-term interest rate for convergence purposes - Romanian leu,"Romania, Long-term interest rate for convergence purposes - Unspecified rate type, Debt security issued, 10 years maturity, New business coverage, denominated in Romanian leu - Unspecified counterpart sector",PC,0
IRS.M.RO.L.L40.CI.0000.RON.N.Z,M,RO,L,L40,CI,0000,RON,N,Z,2005-06,7.07,A,F,,,P1M,RO0515DBN0H8 11/04/2005-31/12/2005RO0515DBN0T3 06/06/2005-31/12/2005RO0515DBN119 31/12/2005-presentRO0515DBN143 31/12/2005-present,A,,,,,,,,,2,Ministry of Public FinanceCentral GovernmentOTC marketBasket (#1) no direct adjustmentsgross of taxredemption yield formula,,Long-term interest rate for convergence purposes - Romanian leu,"Romania, Long-term interest rate for convergence purposes - Unspecified rate type, Debt security issued, 10 years maturity, New business coverage, denominated in Romanian leu - Unspecified counterpart sector",PC,0
IRS.M.RO.L.L40.CI.0000.RON.N.Z,M,RO,L,L40,CI,0000,RON,N,Z,2005-07,7.125,A,F,,,P1M,RO0515DBN0H8 11/04/2005-31/12/2005RO0515DBN0T3 06/06/2005-31/12/2005RO0515DBN119 31/12/2005-presentRO0515DBN143 31/12/2005-present,A,,,,,,,,,2,Ministry of Public FinanceCentral GovernmentOTC marketBasket (#1) no direct adjustmentsgross of taxredemption yield formula,,Long-term interest rate for convergence purposes - Romanian leu,"Romania, Long-term interest rate for convergence purposes - Unspecified rate type, Debt security issued, 10 years maturity, New business coverage, denominated in Romanian leu - Unspecified counterpart sector",PC,0
IRS.M.RO.L.L40.CI.0000.RON.N.Z,M,RO,L,L40,CI,0000,RON,N,Z,2005-08,7.125,A,F,,,P1M,RO0515DBN0H8 11/04/2005-31/12/2005RO0515DBN0T3 06/06/2005-31/12/2005RO0515DBN119 31/12/2005-presentRO0515DBN143 31/12/2005-present,A,,,,,,,,,2,Ministry of Public FinanceCentral GovernmentOTC marketBasket (#1) no direct adjustmentsgross of taxredemption yield formula,,Long-term interest rate for convergence purposes - Romanian leu,"Romania, Long-term interest rate for convergence purposes - Unspecified rate type, Debt security issued, 10 years maturity, New business coverage, denominated in Romanian leu - Unspecified counterpart sector",PC,0
IRS.M.RO.L.L40.CI.0000.RON.N.Z,M,RO,L,L40,CI,0000,RON,N,Z,2005-09,7.125,A,F,,,P1M,RO0515DBN0H8 11/04/2005-31/12/2005RO0515DBN0T3 06/06/2005-31/12/2005RO0515DBN119 31/12/2005-presentRO0515DBN143 31/12/2005-present,A,,,,,,,,,2,Ministry of Public FinanceCentral GovernmentOTC marketBasket (#1) no direct adjustmentsgross of taxredemption yield formula,,Long-term interest rate for convergence purposes - Romanian leu,"Romania, Long-term interest rate for convergence purposes - Unspecified rate type, Debt security issued, 10 years maturity, New business coverage, denominated in Romanian leu - Unspecified counterpart sector",PC,0
IRS.M.RO.L.L40.CI.0000.RON.N.Z,M,RO,L,L40,CI,0000,RON,N,Z,2005-10,6.84,A,F,,,P1M,RO0515DBN0H8 11/04/2005-31/12/2005RO0515DBN0T3 06/06/2005-31/12/2005RO0515DBN119 31/12/2005-presentRO0515DBN143 31/12/2005-present,A,,,,,,,,,2,Ministry of Public FinanceCentral GovernmentOTC marketBasket (#1) no direct adjustmentsgross of taxredemption yield formula,,Long-term interest rate for convergence purposes - Romanian leu,"Romania, Long-term interest rate for convergence purposes - Unspecified rate type, Debt security issued, 10 years maturity, New business coverage, denominated in Romanian leu - Unspecified counterpart sector",PC,0
IRS.M.RO.L.L40.CI.0000.RON.N.Z,M,RO,L,L40,CI,0000,RON,N,Z,2005-11,6.98,A,F,,,P1M,RO0515DBN0H8 11/04/2005-31/12/2005RO0515DBN0T3 06/06/2005-31/12/2005RO0515DBN119 31/12/2005-presentRO0515DBN143 31/12/2005-present,A,,,,,,,,,2,Ministry of Public FinanceCentral GovernmentOTC marketBasket (#1) no direct adjustmentsgross of taxredemption yield formula,,Long-term interest rate for convergence purposes - Romanian leu,"Romania, Long-term interest rate for convergence purposes - Unspecified rate type, Debt security issued, 10 years maturity, New business coverage, denominated in Romanian leu - Unspecified counterpart sector",PC,0
IRS.M.RO.L.L40.CI.0000.RON.N.Z,M,RO,L,L40,CI,0000,RON,N,Z,2005-12,7.15,A,F,,,P1M,RO0515DBN0H8 11/04/2005-31/12/2005RO0515DBN0T3 06/06/2005-31/12/2005RO0515DBN119 31/12/2005-presentRO0515DBN143 31/12/2005-present,A,,,,,,,,,2,Ministry of Public FinanceCentral GovernmentOTC marketBasket (#1) no direct adjustmentsgross of taxredemption yield formula,,Long-term interest rate for convergence purposes - Romanian leu,"Romania, Long-term interest rate for convergence purposes - Unspecified rate type, Debt security issued, 10 years maturity, New business coverage, denominated in Romanian leu - Unspecified counterpart sector",PC,0
IRS.M.RO.L.L40.CI.0000.RON.N.Z,M,RO,L,L40,CI,0000,RON,N,Z,2006-01,7.07,A,F,,,P1M,RO0515DBN0H8 11/04/2005-31/12/2005RO0515DBN0T3 06/06/2005-31/12/2005RO0515DBN119 31/12/2005-presentRO0515DBN143 31/12/2005-present,A,,,,,,,,,2,Ministry of Public FinanceCentral GovernmentOTC marketBasket (#1) no direct adjustmentsgross of taxredemption yield formula,,Long-term interest rate for convergence purposes - Romanian leu,"Romania, Long-term interest rate for convergence purposes - Unspecified rate type, Debt security issued, 10 years maturity, New business coverage, denominated in Romanian leu - Unspecified counterpart sector",PC,0
IRS.M.RO.L.L40.CI.0000.RON.N.Z,M,RO,L,L40,CI,0000,RON,N,Z,2006-02,6.97,A,F,,,P1M,RO0515DBN0H8 11/04/2005-31/12/2005RO0515DBN0T3 06/06/2005-31/12/2005RO0515DBN119 31/12/2005-presentRO0515DBN143 31/12/2005-present,A,,,,,,,,,2,Ministry of Public FinanceCentral GovernmentOTC marketBasket (#1) no direct adjustmentsgross of taxredemption yield formula,,Long-term interest rate for convergence purposes - Romanian leu,"Romania, Long-term interest rate for convergence purposes - Unspecified rate type, Debt security issued, 10 years maturity, New business coverage, denominated in Romanian leu - Unspecified counterpart sector",PC,0
IRS.M.RO.L.L40.CI.0000.RON.N.Z,M,RO,L,L40,CI,0000,RON,N,Z,2006-03,7.07,A,F,,,P1M,RO0515DBN0H8 11/04/2005-31/12/2005RO0515DBN0T3 06/06/2005-31/12/2005RO0515DBN119 31/12/2005-presentRO0515DBN143 31/12/2005-present,A,,,,,,,,,2,Ministry of Public FinanceCentral GovernmentOTC marketBasket (#1) no direct adjustmentsgross of taxredemption yield formula,,Long-term interest rate for convergence purposes - Romanian leu,"Romania, Long-term interest rate for convergence purposes - Unspecified rate type, Debt security issued, 10 years maturity, New business coverage, denominated in Romanian leu - Unspecified counterpart sector",PC,0
IRS.M.RO.L.L40.CI.0000.RON.N.Z,M,RO,L,L40,CI,0000,RON,N,Z,2006-04,6.94,A,F,,,P1M,RO0515DBN0H8 11/04/2005-31/12/2005RO0515DBN0T3 06/06/2005-31/12/2005RO0515DBN119 31/12/2005-presentRO0515DBN143 31/12/2005-present,A,,,,,,,,,2,Ministry of Public FinanceCentral GovernmentOTC marketBasket (#1) no direct adjustmentsgross of taxredemption yield formula,,Long-term interest rate for convergence purposes - Romanian leu,"Romania, Long-term interest rate for convergence purposes - Unspecified rate type, Debt security issued, 10 years maturity, New business coverage, denominated in Romanian leu - Unspecified counterpart sector",PC,0
IRS.M.RO.L.L40.CI.0000.RON.N.Z,M,RO,L,L40,CI,0000,RON,N,Z,2006-05,7.035,A,F,,,P1M,RO0515DBN0H8 11/04/2005-31/12/2005RO0515DBN0T3 06/06/2005-31/12/2005RO0515DBN119 31/12/2005-presentRO0515DBN143 31/12/2005-present,A,,,,,,,,,2,Ministry of Public FinanceCentral GovernmentOTC marketBasket (#1) no direct adjustmentsgross of taxredemption yield formula,,Long-term interest rate for convergence purposes - Romanian leu,"Romania, Long-term interest rate for convergence purposes - Unspecified rate type, Debt security issued, 10 years maturity, New business coverage, denominated in Romanian leu - Unspecified counterpart sector",PC,0
IRS.M.RO.L.L40.CI.0000.RON.N.Z,M,RO,L,L40,CI,0000,RON,N,Z,2006-06,7.12,A,F,,,P1M,RO0515DBN0H8 11/04/2005-31/12/2005RO0515DBN0T3 06/06/2005-31/12/2005RO0515DBN119 31/12/2005-presentRO0515DBN143 31/12/2005-present,A,,,,,,,,,2,Ministry of Public FinanceCentral GovernmentOTC marketBasket (#1) no direct adjustmentsgross of taxredemption yield formula,,Long-term interest rate for convergence purposes - Romanian leu,"Romania, Long-term interest rate for convergence purposes - Unspecified rate type, Debt security issued, 10 years maturity, New business coverage, denominated in Romanian leu - Unspecified counterpart sector",PC,0
IRS.M.RO.L.L40.CI.0000.RON.N.Z,M,RO,L,L40,CI,0000,RON,N,Z,2006-07,7.105,A,F,,,P1M,RO0515DBN0H8 11/04/2005-31/12/2005RO0515DBN0T3 06/06/2005-31/12/2005RO0515DBN119 31/12/2005-presentRO0515DBN143 31/12/2005-present,A,,,,,,,,,2,Ministry of Public FinanceCentral GovernmentOTC marketBasket (#1) no direct adjustmentsgross of taxredemption yield formula,,Long-term interest rate for convergence purposes - Romanian leu,"Romania, Long-term interest rate for convergence purposes - Unspecified rate type, Debt security issued, 10 years maturity, New business coverage, denominated in Romanian leu - Unspecified counterpart sector",PC,0
IRS.M.RO.L.L40.CI.0000.RON.N.Z,M,RO,L,L40,CI,0000,RON,N,Z,2006-08,7.41,A,F,,,P1M,RO0515DBN0H8 11/04/2005-31/12/2005RO0515DBN0T3 06/06/2005-31/12/2005RO0515DBN119 31/12/2005-presentRO0515DBN143 31/12/2005-present,A,,,,,,,,,2,Ministry of Public FinanceCentral GovernmentOTC marketBasket (#1) no direct adjustmentsgross of taxredemption yield formula,,Long-term interest rate for convergence purposes - Romanian leu,"Romania, Long-term interest rate for convergence purposes - Unspecified rate type, Debt security issued, 10 years maturity, New business coverage, denominated in Romanian leu - Unspecified counterpart sector",PC,0
IRS.M.RO.L.L40.CI.0000.RON.N.Z,M,RO,L,L40,CI,0000,RON,N,Z,2006-09,7.485,A,F,,,P1M,RO0515DBN0H8 11/04/2005-31/12/2005RO0515DBN0T3 06/06/2005-31/12/2005RO0515DBN119 31/12/2005-presentRO0515DBN143 31/12/2005-present,A,,,,,,,,,2,Ministry of Public FinanceCentral GovernmentOTC marketBasket (#1) no direct adjustmentsgross of taxredemption yield formula,,Long-term interest rate for convergence purposes - Romanian leu,"Romania, Long-term interest rate for convergence purposes - Unspecified rate type, Debt security issued, 10 years maturity, New business coverage, denominated in Romanian leu - Unspecified counterpart sector",PC,0
IRS.M.RO.L.L40.CI.0000.RON.N.Z,M,RO,L,L40,CI,0000,RON,N,Z,2006-10,7.56,A,F,,,P1M,RO0515DBN0H8 11/04/2005-31/12/2005RO0515DBN0T3 06/06/2005-31/12/2005RO0515DBN119 31/12/2005-presentRO0515DBN143 31/12/2005-present,A,,,,,,,,,2,Ministry of Public FinanceCentral GovernmentOTC marketBasket (#1) no direct adjustmentsgross of taxredemption yield formula,,Long-term interest rate for convergence purposes - Romanian leu,"Romania, Long-term interest rate for convergence purposes - Unspecified rate type, Debt security issued, 10 years maturity, New business coverage, denominated in Romanian leu - Unspecified counterpart sector",PC,0
IRS.M.RO.L.L40.CI.0000.RON.N.Z,M,RO,L,L40,CI,0000,RON,N,Z,2006-11,7.555,A,F,,,P1M,RO0515DBN0H8 11/04/2005-31/12/2005RO0515DBN0T3 06/06/2005-31/12/2005RO0515DBN119 31/12/2005-presentRO0515DBN143 31/12/2005-present,A,,,,,,,,,2,Ministry of Public FinanceCentral GovernmentOTC marketBasket (#1) no direct adjustmentsgross of taxredemption yield formula,,Long-term interest rate for convergence purposes - Romanian leu,"Romania, Long-term interest rate for convergence purposes - Unspecified rate type, Debt security issued, 10 years maturity, New business coverage, denominated in Romanian leu - Unspecified counterpart sector",PC,0
IRS.M.RO.L.L40.CI.0000.RON.N.Z,M,RO,L,L40,CI,0000,RON,N,Z,2006-12,7.42,A,F,,,P1M,RO0515DBN0H8 11/04/2005-31/12/2005RO0515DBN0T3 06/06/2005-31/12/2005RO0515DBN119 31/12/2005-presentRO0515DBN143 31/12/2005-present,A,,,,,,,,,2,Ministry of Public FinanceCentral GovernmentOTC marketBasket (#1) no direct adjustmentsgross of taxredemption yield formula,,Long-term interest rate for convergence purposes - Romanian leu,"Romania, Long-term interest rate for convergence purposes - Unspecified rate type, Debt security issued, 10 years maturity, New business coverage, denominated in Romanian leu - Unspecified counterpart sector",PC,0
IRS.M.RO.L.L40.CI.0000.RON.N.Z,M,RO,L,L40,CI,0000,RON,N,Z,2007-01,7.39,A,F,,,P1M,RO0515DBN0H8 11/04/2005-31/12/2005RO0515DBN0T3 06/06/2005-31/12/2005RO0515DBN119 31/12/2005-presentRO0515DBN143 31/12/2005-present,A,,,,,,,,,2,Ministry of Public FinanceCentral GovernmentOTC marketBasket (#1) no direct adjustmentsgross of taxredemption yield formula,,Long-term interest rate for convergence purposes - Romanian leu,"Romania, Long-term interest rate for convergence purposes - Unspecified rate type, Debt security issued, 10 years maturity, New business coverage, denominated in Romanian leu - Unspecified counterpart sector",PC,0
IRS.M.RO.L.L40.CI.0000.RON.N.Z,M,RO,L,L40,CI,0000,RON,N,Z,2007-02,7.52,A,F,,,P1M,RO0515DBN0H8 11/04/2005-31/12/2005RO0515DBN0T3 06/06/2005-31/12/2005RO0515DBN119 31/12/2005-presentRO0515DBN143 31/12/2005-present,A,,,,,,,,,2,Ministry of Public FinanceCentral GovernmentOTC marketBasket (#1) no direct adjustmentsgross of taxredemption yield formula,,Long-term interest rate for convergence purposes - Romanian leu,"Romania, Long-term interest rate for convergence purposes - Unspecified rate type, Debt security issued, 10 years maturity, New business coverage, denominated in Romanian leu - Unspecified counterpart sector",PC,0
IRS.M.RO.L.L40.CI.0000.RON.N.Z,M,RO,L,L40,CI,0000,RON,N,Z,2007-03,7.53,A,F,,,P1M,RO0515DBN0H8 11/04/2005-31/12/2005RO0515DBN0T3 06/06/2005-31/12/2005RO0515DBN119 31/12/2005-presentRO0515DBN143 31/12/2005-present,A,,,,,,,,,2,Ministry of Public FinanceCentral GovernmentOTC marketBasket (#1) no direct adjustmentsgross of taxredemption yield formula,,Long-term interest rate for convergence purposes - Romanian leu,"Romania, Long-term interest rate for convergence purposes - Unspecified rate type, Debt security issued, 10 years maturity, New business coverage, denominated in Romanian leu - Unspecified counterpart sector",PC,0
IRS.M.RO.L.L40.CI.0000.RON.N.Z,M,RO,L,L40,CI,0000,RON,N,Z,2007-04,7.39,A,F,,,P1M,RO0515DBN0H8 11/04/2005-31/12/2005RO0515DBN0T3 06/06/2005-31/12/2005RO0515DBN119 31/12/2005-presentRO0515DBN143 31/12/2005-present,A,,,,,,,,,2,Ministry of Public FinanceCentral GovernmentOTC marketBasket (#1) no direct adjustmentsgross of taxredemption yield formula,,Long-term interest rate for convergence purposes - Romanian leu,"Romania, Long-term interest rate for convergence purposes - Unspecified rate type, Debt security issued, 10 years maturity, New business coverage, denominated in Romanian leu - Unspecified counterpart sector",PC,0
IRS.M.RO.L.L40.CI.0000.RON.N.Z,M,RO,L,L40,CI,0000,RON,N,Z,2007-05,7.39,A,F,,,P1M,RO0515DBN0H8 11/04/2005-31/12/2005RO0515DBN0T3 06/06/2005-31/12/2005RO0515DBN119 31/12/2005-presentRO0515DBN143 31/12/2005-present,A,,,,,,,,,2,Ministry of Public FinanceCentral GovernmentOTC marketBasket (#1) no direct adjustmentsgross of taxredemption yield formula,,Long-term interest rate for convergence purposes - Romanian leu,"Romania, Long-term interest rate for convergence purposes - Unspecified rate type, Debt security issued, 10 years maturity, New business coverage, denominated in Romanian leu - Unspecified counterpart sector",PC,0
IRS.M.RO.L.L40.CI.0000.RON.N.Z,M,RO,L,L40,CI,0000,RON,N,Z,2007-06,6.99,A,F,,,P1M,RO0515DBN0H8 11/04/2005-31/12/2005RO0515DBN0T3 06/06/2005-31/12/2005RO0515DBN119 31/12/2005-presentRO0515DBN143 31/12/2005-present,A,,,,,,,,,2,Ministry of Public FinanceCentral GovernmentOTC marketBasket (#1) no direct adjustmentsgross of taxredemption yield formula,,Long-term interest rate for convergence purposes - Romanian leu,"Romania, Long-term interest rate for convergence purposes - Unspecified rate type, Debt security issued, 10 years maturity, New business coverage, denominated in Romanian leu - Unspecified counterpart sector",PC,0
IRS.M.RO.L.L40.CI.0000.RON.N.Z,M,RO,L,L40,CI,0000,RON,N,Z,2007-07,6.83,A,F,,,P1M,RO0515DBN0H8 11/04/2005-31/12/2005RO0515DBN0T3 06/06/2005-31/12/2005RO0515DBN119 31/12/2005-presentRO0515DBN143 31/12/2005-present,A,,,,,,,,,2,Ministry of Public FinanceCentral GovernmentOTC marketBasket (#1) no direct adjustmentsgross of taxredemption yield formula,,Long-term interest rate for convergence purposes - Romanian leu,"Romania, Long-term interest rate for convergence purposes - Unspecified rate type, Debt security issued, 10 years maturity, New business coverage, denominated in Romanian leu - Unspecified counterpart sector",PC,0
IRS.M.RO.L.L40.CI.0000.RON.N.Z,M,RO,L,L40,CI,0000,RON,N,Z,2007-08,6.87,A,F,,,P1M,RO0515DBN0H8 11/04/2005-31/12/2005RO0515DBN0T3 06/06/2005-31/12/2005RO0515DBN119 31/12/2005-presentRO0515DBN143 31/12/2005-present,A,,,,,,,,,2,Ministry of Public FinanceCentral GovernmentOTC marketBasket (#1) no direct adjustmentsgross of taxredemption yield formula,,Long-term interest rate for convergence purposes - Romanian leu,"Romania, Long-term interest rate for convergence purposes - Unspecified rate type, Debt security issued, 10 years maturity, New business coverage, denominated in Romanian leu - Unspecified counterpart sector",PC,0
IRS.M.RO.L.L40.CI.0000.RON.N.Z,M,RO,L,L40,CI,0000,RON,N,Z,2007-09,6.84,A,F,,,P1M,RO0515DBN0H8 11/04/2005-31/12/2005RO0515DBN0T3 06/06/2005-31/12/2005RO0515DBN119 31/12/2005-presentRO0515DBN143 31/12/2005-present,A,,,,,,,,,2,Ministry of Public FinanceCentral GovernmentOTC marketBasket (#1) no direct adjustmentsgross of taxredemption yield formula,,Long-term interest rate for convergence purposes - Romanian leu,"Romania, Long-term interest rate for convergence purposes - Unspecified rate type, Debt security issued, 10 years maturity, New business coverage, denominated in Romanian leu - Unspecified counterpart sector",PC,0
IRS.M.RO.L.L40.CI.0000.RON.N.Z,M,RO,L,L40,CI,0000,RON,N,Z,2007-10,6.85,A,F,,,P1M,RO0515DBN0H8 11/04/2005-31/12/2005RO0515DBN0T3 06/06/2005-31/12/2005RO0515DBN119 31/12/2005-presentRO0515DBN143 31/12/2005-present,A,,,,,,,,,2,Ministry of Public FinanceCentral GovernmentOTC marketBasket (#1) no direct adjustmentsgross of taxredemption yield formula,,Long-term interest rate for convergence purposes - Romanian leu,"Romania, Long-term interest rate for convergence purposes - Unspecified rate type, Debt security issued, 10 years maturity, New business coverage, denominated in Romanian leu - Unspecified counterpart sector",PC,0
IRS.M.RO.L.L40.CI.0000.RON.N.Z,M,RO,L,L40,CI,0000,RON,N,Z,2007-11,6.96,A,F,,,P1M,RO0515DBN0H8 11/04/2005-31/12/2005RO0515DBN0T3 06/06/2005-31/12/2005RO0515DBN119 31/12/2005-presentRO0515DBN143 31/12/2005-present,A,,,,,,,,,2,Ministry of Public FinanceCentral GovernmentOTC marketBasket (#1) no direct adjustmentsgross of taxredemption yield formula,,Long-term interest rate for convergence purposes - Romanian leu,"Romania, Long-term interest rate for convergence purposes - Unspecified rate type, Debt security issued, 10 years maturity, New business coverage, denominated in Romanian leu - Unspecified counterpart sector",PC,0
IRS.M.RO.L.L40.CI.0000.RON.N.Z,M,RO,L,L40,CI,0000,RON,N,Z,2007-12,7.05,A,F,,,P1M,RO0515DBN0H8 11/04/2005-31/12/2005RO0515DBN0T3 06/06/2005-31/12/2005RO0515DBN119 31/12/2005-presentRO0515DBN143 31/12/2005-present,A,,,,,,,,,2,Ministry of Public FinanceCentral GovernmentOTC marketBasket (#1) no direct adjustmentsgross of taxredemption yield formula,,Long-term interest rate for convergence purposes - Romanian leu,"Romania, Long-term interest rate for convergence purposes - Unspecified rate type, Debt security issued, 10 years maturity, New business coverage, denominated in Romanian leu - Unspecified counterpart sector",PC,0
IRS.M.RO.L.L40.CI.0000.RON.N.Z,M,RO,L,L40,CI,0000,RON,N,Z,2008-01,7.15,A,F,,,P1M,RO0515DBN0H8 11/04/2005-31/12/2005RO0515DBN0T3 06/06/2005-31/12/2005RO0515DBN119 31/12/2005-presentRO0515DBN143 31/12/2005-present,A,,,,,,,,,2,Ministry of Public FinanceCentral GovernmentOTC marketBasket (#1) no direct adjustmentsgross of taxredemption yield formula,,Long-term interest rate for convergence purposes - Romanian leu,"Romania, Long-term interest rate for convergence purposes - Unspecified rate type, Debt security issued, 10 years maturity, New business coverage, denominated in Romanian leu - Unspecified counterpart sector",PC,0
IRS.M.RO.L.L40.CI.0000.RON.N.Z,M,RO,L,L40,CI,0000,RON,N,Z,2008-02,7.29,A,F,,,P1M,RO0515DBN0H8 11/04/2005-31/12/2005RO0515DBN0T3 06/06/2005-31/12/2005RO0515DBN119 31/12/2005-presentRO0515DBN143 31/12/2005-present,A,,,,,,,,,2,Ministry of Public FinanceCentral GovernmentOTC marketBasket (#1) no direct adjustmentsgross of taxredemption yield formula,,Long-term interest rate for convergence purposes - Romanian leu,"Romania, Long-term interest rate for convergence purposes - Unspecified rate type, Debt security issued, 10 years maturity, New business coverage, denominated in Romanian leu - Unspecified counterpart sector",PC,0
IRS.M.RO.L.L40.CI.0000.RON.N.Z,M,RO,L,L40,CI,0000,RON,N,Z,2008-03,7.34,A,F,,,P1M,RO0515DBN0H8 11/04/2005-31/12/2005RO0515DBN0T3 06/06/2005-31/12/2005RO0515DBN119 31/12/2005-presentRO0515DBN143 31/12/2005-present,A,,,,,,,,,2,Ministry of Public FinanceCentral GovernmentOTC marketBasket (#1) no direct adjustmentsgross of taxredemption yield formula,,Long-term interest rate for convergence purposes - Romanian leu,"Romania, Long-term interest rate for convergence purposes - Unspecified rate type, Debt security issued, 10 years maturity, New business coverage, denominated in Romanian leu - Unspecified counterpart sector",PC,0
IRS.M.RO.L.L40.CI.0000.RON.N.Z,M,RO,L,L40,CI,0000,RON,N,Z,2008-04,7.35,A,F,,,P1M,RO0515DBN0H8 11/04/2005-31/12/2005RO0515DBN0T3 06/06/2005-31/12/2005RO0515DBN119 31/12/2005-presentRO0515DBN143 31/12/2005-present,A,,,,,,,,,2,Ministry of Public FinanceCentral GovernmentOTC marketBasket (#1) no direct adjustmentsgross of taxredemption yield formula,,Long-term interest rate for convergence purposes - Romanian leu,"Romania, Long-term interest rate for convergence purposes - Unspecified rate type, Debt security issued, 10 years maturity, New business coverage, denominated in Romanian leu - Unspecified counterpart sector",PC,0
IRS.M.RO.L.L40.CI.0000.RON.N.Z,M,RO,L,L40,CI,0000,RON,N,Z,2008-05,7.26,A,F,,,P1M,RO0515DBN0H8 11/04/2005-31/12/2005RO0515DBN0T3 06/06/2005-31/12/2005RO0515DBN119 31/12/2005-presentRO0515DBN143 31/12/2005-present,A,,,,,,,,,2,Ministry of Public FinanceCentral GovernmentOTC marketBasket (#1) no direct adjustmentsgross of taxredemption yield formula,,Long-term interest rate for convergence purposes - Romanian leu,"Romania, Long-term interest rate for convergence purposes - Unspecified rate type, Debt security issued, 10 years maturity, New business coverage, denominated in Romanian leu - Unspecified counterpart sector",PC,0
IRS.M.RO.L.L40.CI.0000.RON.N.Z,M,RO,L,L40,CI,0000,RON,N,Z,2008-06,7.15,A,F,,,P1M,RO0515DBN0H8 11/04/2005-31/12/2005RO0515DBN0T3 06/06/2005-31/12/2005RO0515DBN119 31/12/2005-presentRO0515DBN143 31/12/2005-present,A,,,,,,,,,2,Ministry of Public FinanceCentral GovernmentOTC marketBasket (#1) no direct adjustmentsgross of taxredemption yield formula,,Long-term interest rate for convergence purposes - Romanian leu,"Romania, Long-term interest rate for convergence purposes - Unspecified rate type, Debt security issued, 10 years maturity, New business coverage, denominated in Romanian leu - Unspecified counterpart sector",PC,0
IRS.M.RO.L.L40.CI.0000.RON.N.Z,M,RO,L,L40,CI,0000,RON,N,Z,2008-07,7.28,A,F,,,P1M,RO0515DBN0H8 11/04/2005-31/12/2005RO0515DBN0T3 06/06/2005-31/12/2005RO0515DBN119 31/12/2005-presentRO0515DBN143 31/12/2005-present,A,,,,,,,,,2,Ministry of Public FinanceCentral GovernmentOTC marketBasket (#1) no direct adjustmentsgross of taxredemption yield formula,,Long-term interest rate for convergence purposes - Romanian leu,"Romania, Long-term interest rate for convergence purposes - Unspecified rate type, Debt security issued, 10 years maturity, New business coverage, denominated in Romanian leu - Unspecified counterpart sector",PC,0
IRS.M.RO.L.L40.CI.0000.RON.N.Z,M,RO,L,L40,CI,0000,RON,N,Z,2008-08,8.2,A,F,,,P1M,RO0515DBN0H8 11/04/2005-31/12/2005RO0515DBN0T3 06/06/2005-31/12/2005RO0515DBN119 31/12/2005-presentRO0515DBN143 31/12/2005-present,A,,,,,,,,,2,Ministry of Public FinanceCentral GovernmentOTC marketBasket (#1) no direct adjustmentsgross of taxredemption yield formula,,Long-term interest rate for convergence purposes - Romanian leu,"Romania, Long-term interest rate for convergence purposes - Unspecified rate type, Debt security issued, 10 years maturity, New business coverage, denominated in Romanian leu - Unspecified counterpart sector",PC,0
IRS.M.RO.L.L40.CI.0000.RON.N.Z,M,RO,L,L40,CI,0000,RON,N,Z,2008-09,8.32,A,F,,Ministry of Public FinanceCentral GovernmentOTC marketBasket (#3) no direct adjustmentsgross of taxredemption yield formula,P1M,RO0515DBN0H8 11/04/2005-31/12/2005RO0515DBN0T3 06/06/2005-31/12/2005RO0515DBN119 31/12/2005-presentRO0515DBN143 31/12/2005-present,A,,,,,,,,,2,Ministry of Public FinanceCentral GovernmentOTC marketBasket (#1) no direct adjustmentsgross of taxredemption yield formula,,Long-term interest rate for convergence purposes - Romanian leu,"Romania, Long-term interest rate for convergence purposes - Unspecified rate type, Debt security issued, 10 years maturity, New business coverage, denominated in Romanian leu - Unspecified counterpart sector",PC,0
IRS.M.RO.L.L40.CI.0000.RON.N.Z,M,RO,L,L40,CI,0000,RON,N,Z,2008-10,8.27,A,F,,Ministry of Public FinanceCentral GovernmentOTC marketBasket (#3) no direct adjustmentsgross of taxredemption yield formula,P1M,RO0515DBN0H8 11/04/2005-31/12/2005RO0515DBN0T3 06/06/2005-31/12/2005RO0515DBN119 31/12/2005-presentRO0515DBN143 31/12/2005-present,A,,,,,,,,,2,Ministry of Public FinanceCentral GovernmentOTC marketBasket (#1) no direct adjustmentsgross of taxredemption yield formula,,Long-term interest rate for convergence purposes - Romanian leu,"Romania, Long-term interest rate for convergence purposes - Unspecified rate type, Debt security issued, 10 years maturity, New business coverage, denominated in Romanian leu - Unspecified counterpart sector",PC,0
IRS.M.RO.L.L40.CI.0000.RON.N.Z,M,RO,L,L40,CI,0000,RON,N,Z,2008-11,8.38,A,F,,Ministry of Public FinanceCentral GovernmentOTC marketBasket (#3) no direct adjustmentsgross of taxredemption yield formula,P1M,RO0515DBN0H8 11/04/2005-31/12/2005RO0515DBN0T3 06/06/2005-31/12/2005RO0515DBN119 31/12/2005-presentRO0515DBN143 31/12/2005-present,A,,,,,,,,,2,Ministry of Public FinanceCentral GovernmentOTC marketBasket (#1) no direct adjustmentsgross of taxredemption yield formula,,Long-term interest rate for convergence purposes - Romanian leu,"Romania, Long-term interest rate for convergence purposes - Unspecified rate type, Debt security issued, 10 years maturity, New business coverage, denominated in Romanian leu - Unspecified counterpart sector",PC,0
IRS.M.RO.L.L40.CI.0000.RON.N.Z,M,RO,L,L40,CI,0000,RON,N,Z,2008-12,8.38,A,F,,Ministry of Public FinanceCentral GovernmentOTC marketBasket (#3) no direct adjustmentsgross of taxredemption yield formula,P1M,RO0515DBN0H8 11/04/2005-31/12/2005RO0515DBN0T3 06/06/2005-31/12/2005RO0515DBN119 31/12/2005-presentRO0515DBN143 31/12/2005-present,A,,,,,,,,,2,Ministry of Public FinanceCentral GovernmentOTC marketBasket (#1) no direct adjustmentsgross of taxredemption yield formula,,Long-term interest rate for convergence purposes - Romanian leu,"Romania, Long-term interest rate for convergence purposes - Unspecified rate type, Debt security issued, 10 years maturity, New business coverage, denominated in Romanian leu - Unspecified counterpart sector",PC,0
IRS.M.RO.L.L40.CI.0000.RON.N.Z,M,RO,L,L40,CI,0000,RON,N,Z,2009-01,9.23,A,F,,Ministry of Public FinanceCentral GovernmentOTC marketBasket (#3) no direct adjustmentsgross of taxredemption yield formula,P1M,RO0515DBN0H8 11/04/2005-31/12/2005RO0515DBN0T3 06/06/2005-31/12/2005RO0515DBN119 31/12/2005-presentRO0515DBN143 31/12/2005-present,A,,,,,,,,,2,Ministry of Public FinanceCentral GovernmentOTC marketBasket (#1) no direct adjustmentsgross of taxredemption yield formula,,Long-term interest rate for convergence purposes - Romanian leu,"Romania, Long-term interest rate for convergence purposes - Unspecified rate type, Debt security issued, 10 years maturity, New business coverage, denominated in Romanian leu - Unspecified counterpart sector",PC,0
IRS.M.RO.L.L40.CI.0000.RON.N.Z,M,RO,L,L40,CI,0000,RON,N,Z,2009-02,8.42,A,F,,Ministry of Public FinanceCentral GovernmentOTC marketBasket (#3) no direct adjustmentsgross of taxredemption yield formula,P1M,RO0515DBN0H8 11/04/2005-31/12/2005RO0515DBN0T3 06/06/2005-31/12/2005RO0515DBN119 31/12/2005-presentRO0515DBN143 31/12/2005-present,A,,,,,,,,,2,Ministry of Public FinanceCentral GovernmentOTC marketBasket (#1) no direct adjustmentsgross of taxredemption yield formula,,Long-term interest rate for convergence purposes - Romanian leu,"Romania, Long-term interest rate for convergence purposes - Unspecified rate type, Debt security issued, 10 years maturity, New business coverage, denominated in Romanian leu - Unspecified counterpart sector",PC,0
IRS.M.RO.L.L40.CI.0000.RON.N.Z,M,RO,L,L40,CI,0000,RON,N,Z,2009-03,9.38,A,F,,Ministry of Public FinanceCentral GovernmentOTC marketBasket (#3) no direct adjustmentsgross of taxredemption yield formula,P1M,RO0515DBN0H8 11/04/2005-31/12/2005RO0515DBN0T3 06/06/2005-31/12/2005RO0515DBN119 31/12/2005-presentRO0515DBN143 31/12/2005-present,A,,,,,,,,,2,Ministry of Public FinanceCentral GovernmentOTC marketBasket (#1) no direct adjustmentsgross of taxredemption yield formula,,Long-term interest rate for convergence purposes - Romanian leu,"Romania, Long-term interest rate for convergence purposes - Unspecified rate type, Debt security issued, 10 years maturity, New business coverage, denominated in Romanian leu - Unspecified counterpart sector",PC,0
IRS.M.RO.L.L40.CI.0000.RON.N.Z,M,RO,L,L40,CI,0000,RON,N,Z,2009-04,9.77,A,F,,Ministry of Public FinanceCentral GovernmentOTC marketBasket (#3) no direct adjustmentsgross of taxredemption yield formula,P1M,RO0515DBN0H8 11/04/2005-31/12/2005RO0515DBN0T3 06/06/2005-31/12/2005RO0515DBN119 31/12/2005-presentRO0515DBN143 31/12/2005-present,A,,,,,,,,,2,Ministry of Public FinanceCentral GovernmentOTC marketBasket (#1) no direct adjustmentsgross of taxredemption yield formula,,Long-term interest rate for convergence purposes - Romanian leu,"Romania, Long-term interest rate for convergence purposes - Unspecified rate type, Debt security issued, 10 years maturity, New business coverage, denominated in Romanian leu - Unspecified counterpart sector",PC,0
IRS.M.RO.L.L40.CI.0000.RON.N.Z,M,RO,L,L40,CI,0000,RON,N,Z,2009-05,8.32,A,F,,Ministry of Public FinanceCentral GovernmentOTC marketBasket (#3) no direct adjustmentsgross of taxredemption yield formula,P1M,RO0515DBN0H8 11/04/2005-31/12/2005RO0515DBN0T3 06/06/2005-31/12/2005RO0515DBN119 31/12/2005-presentRO0515DBN143 31/12/2005-present,A,,,,,,,,,2,Ministry of Public FinanceCentral GovernmentOTC marketBasket (#1) no direct adjustmentsgross of taxredemption yield formula,,Long-term interest rate for convergence purposes - Romanian leu,"Romania, Long-term interest rate for convergence purposes - Unspecified rate type, Debt security issued, 10 years maturity, New business coverage, denominated in Romanian leu - Unspecified counterpart sector",PC,0
IRS.M.RO.L.L40.CI.0000.RON.N.Z,M,RO,L,L40,CI,0000,RON,N,Z,2009-06,11.26,A,F,,Ministry of Public FinanceCentral GovernmentOTC marketBasket (#1) no direct adjustmentsgross of taxredemption yield formula,P1M,RO0515DBN0H8 11/04/2005-31/12/2005RO0515DBN0T3 06/06/2005-31/12/2005RO0515DBN119 31/12/2005-presentRO0515DBN143 31/12/2005-present,A,,,,,,,,,2,Ministry of Public FinanceCentral GovernmentOTC marketBasket (#1) no direct adjustmentsgross of taxredemption yield formula,,Long-term interest rate for convergence purposes - Romanian leu,"Romania, Long-term interest rate for convergence purposes - Unspecified rate type, Debt security issued, 10 years maturity, New business coverage, denominated in Romanian leu - Unspecified counterpart sector",PC,0
IRS.M.RO.L.L40.CI.0000.RON.N.Z,M,RO,L,L40,CI,0000,RON,N,Z,2009-07,11.46,A,F,,Ministry of Public FinanceCentral GovernmentOTC marketBasket (#3) no direct adjustmentsgross of taxredemption yield formula,P1M,RO0515DBN0H8 11/04/2005-31/12/2005RO0515DBN0T3 06/06/2005-31/12/2005RO0515DBN119 31/12/2005-presentRO0515DBN143 31/12/2005-present,A,,,,,,,,,2,Ministry of Public FinanceCentral GovernmentOTC marketBasket (#1) no direct adjustmentsgross of taxredemption yield formula,,Long-term interest rate for convergence purposes - Romanian leu,"Romania, Long-term interest rate for convergence purposes - Unspecified rate type, Debt security issued, 10 years maturity, New business coverage, denominated in Romanian leu - Unspecified counterpart sector",PC,0
IRS.M.RO.L.L40.CI.0000.RON.N.Z,M,RO,L,L40,CI,0000,RON,N,Z,2009-08,11.46,A,F,,Ministry of Public FinanceCentral GovernmentOTC marketBasket (#3) no direct adjustmentsgross of taxredemption yield formula,P1M,RO0515DBN0H8 11/04/2005-31/12/2005RO0515DBN0T3 06/06/2005-31/12/2005RO0515DBN119 31/12/2005-presentRO0515DBN143 31/12/2005-present,A,,,,,,,,,2,Ministry of Public FinanceCentral GovernmentOTC marketBasket (#1) no direct adjustmentsgross of taxredemption yield formula,,Long-term interest rate for convergence purposes - Romanian leu,"Romania, Long-term interest rate for convergence purposes - Unspecified rate type, Debt security issued, 10 years maturity, New business coverage, denominated in Romanian leu - Unspecified counterpart sector",PC,0
IRS.M.RO.L.L40.CI.0000.RON.N.Z,M,RO,L,L40,CI,0000,RON,N,Z,2009-09,11,A,F,,Ministry of Public FinanceCentral GovernmentOTC marketBasket (#3) no direct adjustmentsgross of taxredemption yield formula,P1M,RO0515DBN0H8 11/04/2005-31/12/2005RO0515DBN0T3 06/06/2005-31/12/2005RO0515DBN119 31/12/2005-presentRO0515DBN143 31/12/2005-present,A,,,,,,,,,2,Ministry of Public FinanceCentral GovernmentOTC marketBasket (#1) no direct adjustmentsgross of taxredemption yield formula,,Long-term interest rate for convergence purposes - Romanian leu,"Romania, Long-term interest rate for convergence purposes - Unspecified rate type, Debt security issued, 10 years maturity, New business coverage, denominated in Romanian leu - Unspecified counterpart sector",PC,0
IRS.M.RO.L.L40.CI.0000.RON.N.Z,M,RO,L,L40,CI,0000,RON,N,Z,2009-10,9.13,A,F,,Ministry of Public FinanceCentral GovernmentOTC marketBasket (#3) no direct adjustmentsgross of taxredemption yield formula,P1M,RO0515DBN0H8 11/04/2005-31/12/2005RO0515DBN0T3 06/06/2005-31/12/2005RO0515DBN119 31/12/2005-presentRO0515DBN143 31/12/2005-present,A,,,,,,,,,2,Ministry of Public FinanceCentral GovernmentOTC marketBasket (#1) no direct adjustmentsgross of taxredemption yield formula,,Long-term interest rate for convergence purposes - Romanian leu,"Romania, Long-term interest rate for convergence purposes - Unspecified rate type, Debt security issued, 10 years maturity, New business coverage, denominated in Romanian leu - Unspecified counterpart sector",PC,0
IRS.M.RO.L.L40.CI.0000.RON.N.Z,M,RO,L,L40,CI,0000,RON,N,Z,2009-11,8.24,A,F,,Ministry of Public FinanceCentral GovernmentOTC marketBasket (#3) no direct adjustmentsgross of taxredemption yield formula,P1M,RO0515DBN0H8 11/04/2005-31/12/2005RO0515DBN0T3 06/06/2005-31/12/2005RO0515DBN119 31/12/2005-presentRO0515DBN143 31/12/2005-present,A,,,,,,,,,2,Ministry of Public FinanceCentral GovernmentOTC marketBasket (#1) no direct adjustmentsgross of taxredemption yield formula,,Long-term interest rate for convergence purposes - Romanian leu,"Romania, Long-term interest rate for convergence purposes - Unspecified rate type, Debt security issued, 10 years maturity, New business coverage, denominated in Romanian leu - Unspecified counterpart sector",PC,0
IRS.M.RO.L.L40.CI.0000.RON.N.Z,M,RO,L,L40,CI,0000,RON,N,Z,2009-12,8.66,A,F,,Ministry of Public FinanceCentral GovernmentOTC marketBasket (#3) no direct adjustmentsgross of taxredemption yield formula,P1M,RO0515DBN0H8 11/04/2005-31/12/2005RO0515DBN0T3 06/06/2005-31/12/2005RO0515DBN119 31/12/2005-presentRO0515DBN143 31/12/2005-present,A,,,,,,,,,2,Ministry of Public FinanceCentral GovernmentOTC marketBasket (#1) no direct adjustmentsgross of taxredemption yield formula,,Long-term interest rate for convergence purposes - Romanian leu,"Romania, Long-term interest rate for convergence purposes - Unspecified rate type, Debt security issued, 10 years maturity, New business coverage, denominated in Romanian leu - Unspecified counterpart sector",PC,0
IRS.M.RO.L.L40.CI.0000.RON.N.Z,M,RO,L,L40,CI,0000,RON,N,Z,2010-01,9.05,A,F,,Ministry of Public FinanceCentral GovernmentOTC marketBasket (#3) no direct adjustmentsgross of taxredemption yield formula,P1M,RO0515DBN0H8 11/04/2005-31/12/2005RO0515DBN0T3 06/06/2005-31/12/2005RO0515DBN119 31/12/2005-presentRO0515DBN143 31/12/2005-present,A,,,,,,,,,2,Ministry of Public FinanceCentral GovernmentOTC marketBasket (#1) no direct adjustmentsgross of taxredemption yield formula,,Long-term interest rate for convergence purposes - Romanian leu,"Romania, Long-term interest rate for convergence purposes - Unspecified rate type, Debt security issued, 10 years maturity, New business coverage, denominated in Romanian leu - Unspecified counterpart sector",PC,0
IRS.M.RO.L.L40.CI.0000.RON.N.Z,M,RO,L,L40,CI,0000,RON,N,Z,2010-02,7.92,A,F,,Ministry of Public FinanceCentral GovernmentOTC marketBasket (#3) no direct adjustmentsgross of taxredemption yield formula,P1M,RO0515DBN0H8 11/04/2005-31/12/2005RO0515DBN0T3 06/06/2005-31/12/2005RO0515DBN119 31/12/2005-presentRO0515DBN143 31/12/2005-present,A,,,,,,,,,2,Ministry of Public FinanceCentral GovernmentOTC marketBasket (#1) no direct adjustmentsgross of taxredemption yield formula,,Long-term interest rate for convergence purposes - Romanian leu,"Romania, Long-term interest rate for convergence purposes - Unspecified rate type, Debt security issued, 10 years maturity, New business coverage, denominated in Romanian leu - Unspecified counterpart sector",PC,0
IRS.M.RO.L.L40.CI.0000.RON.N.Z,M,RO,L,L40,CI,0000,RON,N,Z,2010-03,7.11,A,F,,Ministry of Public FinanceCentral GovernmentOTC marketBasket (#1) no direct adjustmentsgross of taxredemption yield formula,P1M,RO0515DBN0H8 11/04/2005-31/12/2005RO0515DBN0T3 06/06/2005-31/12/2005RO0515DBN119 31/12/2005-presentRO0515DBN143 31/12/2005-present,A,,,,,,,,,2,Ministry of Public FinanceCentral GovernmentOTC marketBasket (#1) no direct adjustmentsgross of taxredemption yield formula,,Long-term interest rate for convergence purposes - Romanian leu,"Romania, Long-term interest rate for convergence purposes - Unspecified rate type, Debt security issued, 10 years maturity, New business coverage, denominated in Romanian leu - Unspecified counterpart sector",PC,0
IRS.M.RO.L.L40.CI.0000.RON.N.Z,M,RO,L,L40,CI,0000,RON,N,Z,2010-04,6.97,A,F,,Ministry of Public FinanceCentral GovernmentOTC marketBasket (#1) no direct adjustmentsgross of taxredemption yield formula,P1M,RO0515DBN0H8 11/04/2005-31/12/2005RO0515DBN0T3 06/06/2005-31/12/2005RO0515DBN119 31/12/2005-presentRO0515DBN143 31/12/2005-present,A,,,,,,,,,2,Ministry of Public FinanceCentral GovernmentOTC marketBasket (#1) no direct adjustmentsgross of taxredemption yield formula,,Long-term interest rate for convergence purposes - Romanian leu,"Romania, Long-term interest rate for convergence purposes - Unspecified rate type, Debt security issued, 10 years maturity, New business coverage, denominated in Romanian leu - Unspecified counterpart sector",PC,0
IRS.M.RO.L.L40.CI.0000.RON.N.Z,M,RO,L,L40,CI,0000,RON,N,Z,2010-05,7.27,A,F,,Ministry of Public FinanceCentral GovernmentOTC marketBasket (#1) no direct adjustmentsgross of taxredemption yield formula,P1M,RO0515DBN0H8 11/04/2005-31/12/2005RO0515DBN0T3 06/06/2005-31/12/2005RO0515DBN119 31/12/2005-presentRO0515DBN143 31/12/2005-present,A,,,,,,,,,2,Ministry of Public FinanceCentral GovernmentOTC marketBasket (#1) no direct adjustmentsgross of taxredemption yield formula,,Long-term interest rate for convergence purposes - Romanian leu,"Romania, Long-term interest rate for convergence purposes - Unspecified rate type, Debt security issued, 10 years maturity, New business coverage, denominated in Romanian leu - Unspecified counterpart sector",PC,0
IRS.M.RO.L.L40.CI.0000.RON.N.Z,M,RO,L,L40,CI,0000,RON,N,Z,2010-06,7.1,A,F,,Ministry of Public FinanceCentral GovernmentOTC marketBasket (#1) no direct adjustmentsgross of taxredemption yield formula,P1M,RO0515DBN0H8 11/04/2005-31/12/2005RO0515DBN0T3 06/06/2005-31/12/2005RO0515DBN119 31/12/2005-presentRO0515DBN143 31/12/2005-present,A,,,,,,,,,2,Ministry of Public FinanceCentral GovernmentOTC marketBasket (#1) no direct adjustmentsgross of taxredemption yield formula,,Long-term interest rate for convergence purposes - Romanian leu,"Romania, Long-term interest rate for convergence purposes - Unspecified rate type, Debt security issued, 10 years maturity, New business coverage, denominated in Romanian leu - Unspecified counterpart sector",PC,0
IRS.M.RO.L.L40.CI.0000.RON.N.Z,M,RO,L,L40,CI,0000,RON,N,Z,2010-07,7.18,A,F,,Ministry of Public FinanceCentral GovernmentOTC marketBasket (#1) no direct adjustmentsgross of taxredemption yield formula,P1M,RO0515DBN0H8 11/04/2005-31/12/2005RO0515DBN0T3 06/06/2005-31/12/2005RO0515DBN119 31/12/2005-presentRO0515DBN143 31/12/2005-present,A,,,,,,,,,2,Ministry of Public FinanceCentral GovernmentOTC marketBasket (#1) no direct adjustmentsgross of taxredemption yield formula,,Long-term interest rate for convergence purposes - Romanian leu,"Romania, Long-term interest rate for convergence purposes - Unspecified rate type, Debt security issued, 10 years maturity, New business coverage, denominated in Romanian leu - Unspecified counterpart sector",PC,0
IRS.M.RO.L.L40.CI.0000.RON.N.Z,M,RO,L,L40,CI,0000,RON,N,Z,2010-08,7.15,A,F,,Ministry of Public FinanceCentral GovernmentOTC marketBasket (#1) no direct adjustmentsgross of taxredemption yield formula,P1M,RO0515DBN0H8 11/04/2005-31/12/2005RO0515DBN0T3 06/06/2005-31/12/2005RO0515DBN119 31/12/2005-presentRO0515DBN143 31/12/2005-present,A,,,,,,,,,2,Ministry of Public FinanceCentral GovernmentOTC marketBasket (#1) no direct adjustmentsgross of taxredemption yield formula,,Long-term interest rate for convergence purposes - Romanian leu,"Romania, Long-term interest rate for convergence purposes - Unspecified rate type, Debt security issued, 10 years maturity, New business coverage, denominated in Romanian leu - Unspecified counterpart sector",PC,0
IRS.M.RO.L.L40.CI.0000.RON.N.Z,M,RO,L,L40,CI,0000,RON,N,Z,2010-09,7.14,A,F,,Ministry of Public FinanceCentral GovernmentOTC marketBasket (#1) no direct adjustmentsgross of taxredemption yield formula,P1M,RO0515DBN0H8 11/04/2005-31/12/2005RO0515DBN0T3 06/06/2005-31/12/2005RO0515DBN119 31/12/2005-presentRO0515DBN143 31/12/2005-present,A,,,,,,,,,2,Ministry of Public FinanceCentral GovernmentOTC marketBasket (#1) no direct adjustmentsgross of taxredemption yield formula,,Long-term interest rate for convergence purposes - Romanian leu,"Romania, Long-term interest rate for convergence purposes - Unspecified rate type, Debt security issued, 10 years maturity, New business coverage, denominated in Romanian leu - Unspecified counterpart sector",PC,0
IRS.M.RO.L.L40.CI.0000.RON.N.Z,M,RO,L,L40,CI,0000,RON,N,Z,2010-10,7.02,A,F,,Ministry of Public FinanceCentral GovernmentOTC marketBasket (#1) no direct adjustmentsgross of taxredemption yield formula,P1M,RO0515DBN0H8 11/04/2005-31/12/2005RO0515DBN0T3 06/06/2005-31/12/2005RO0515DBN119 31/12/2005-presentRO0515DBN143 31/12/2005-present,A,,,,,,,,,2,Ministry of Public FinanceCentral GovernmentOTC marketBasket (#1) no direct adjustmentsgross of taxredemption yield formula,,Long-term interest rate for convergence purposes - Romanian leu,"Romania, Long-term interest rate for convergence purposes - Unspecified rate type, Debt security issued, 10 years maturity, New business coverage, denominated in Romanian leu - Unspecified counterpart sector",PC,0
IRS.M.RO.L.L40.CI.0000.RON.N.Z,M,RO,L,L40,CI,0000,RON,N,Z,2010-11,7.04,A,F,,Ministry of Public FinanceCentral GovernmentOTC marketBasket (#1) no direct adjustmentsgross of taxredemption yield formula,P1M,RO0515DBN0H8 11/04/2005-31/12/2005RO0515DBN0T3 06/06/2005-31/12/2005RO0515DBN119 31/12/2005-presentRO0515DBN143 31/12/2005-present,A,,,,,,,,,2,Ministry of Public FinanceCentral GovernmentOTC marketBasket (#1) no direct adjustmentsgross of taxredemption yield formula,,Long-term interest rate for convergence purposes - Romanian leu,"Romania, Long-term interest rate for convergence purposes - Unspecified rate type, Debt security issued, 10 years maturity, New business coverage, denominated in Romanian leu - Unspecified counterpart sector",PC,0
IRS.M.RO.L.L40.CI.0000.RON.N.Z,M,RO,L,L40,CI,0000,RON,N,Z,2010-12,7.09,A,F,,Ministry of Public FinanceCentral GovernmentOTC marketBasket (#1) no direct adjustmentsgross of taxredemption yield formula,P1M,RO0515DBN0H8 11/04/2005-31/12/2005RO0515DBN0T3 06/06/2005-31/12/2005RO0515DBN119 31/12/2005-presentRO0515DBN143 31/12/2005-present,A,,,,,,,,,2,Ministry of Public FinanceCentral GovernmentOTC marketBasket (#1) no direct adjustmentsgross of taxredemption yield formula,,Long-term interest rate for convergence purposes - Romanian leu,"Romania, Long-term interest rate for convergence purposes - Unspecified rate type, Debt security issued, 10 years maturity, New business coverage, denominated in Romanian leu - Unspecified counterpart sector",PC,0
IRS.M.RO.L.L40.CI.0000.RON.N.Z,M,RO,L,L40,CI,0000,RON,N,Z,2011-01,6.66,A,F,,Ministry of Public FinanceCentral GovernmentOTC marketBasket (#1) no direct adjustmentsgross of taxredemption yield formula,P1M,RO0515DBN0H8 11/04/2005-31/12/2005RO0515DBN0T3 06/06/2005-31/12/2005RO0515DBN119 31/12/2005-presentRO0515DBN143 31/12/2005-present,A,,,,,,,,,2,Ministry of Public FinanceCentral GovernmentOTC marketBasket (#1) no direct adjustmentsgross of taxredemption yield formula,,Long-term interest rate for convergence purposes - Romanian leu,"Romania, Long-term interest rate for convergence purposes - Unspecified rate type, Debt security issued, 10 years maturity, New business coverage, denominated in Romanian leu - Unspecified counterpart sector",PC,0
IRS.M.RO.L.L40.CI.0000.RON.N.Z,M,RO,L,L40,CI,0000,RON,N,Z,2011-02,7.03,A,F,,Ministry of Public FinanceCentral GovernmentOTC marketBasket (#1) no direct adjustmentsgross of taxredemption yield formula,P1M,RO0515DBN0H8 11/04/2005-31/12/2005RO0515DBN0T3 06/06/2005-31/12/2005RO0515DBN119 31/12/2005-presentRO0515DBN143 31/12/2005-present,A,,,,,,,,,2,Ministry of Public FinanceCentral GovernmentOTC marketBasket (#1) no direct adjustmentsgross of taxredemption yield formula,,Long-term interest rate for convergence purposes - Romanian leu,"Romania, Long-term interest rate for convergence purposes - Unspecified rate type, Debt security issued, 10 years maturity, New business coverage, denominated in Romanian leu - Unspecified counterpart sector",PC,0
IRS.M.RO.L.L40.CI.0000.RON.N.Z,M,RO,L,L40,CI,0000,RON,N,Z,2011-03,7.31,A,F,,Ministry of Public FinanceCentral GovernmentOTC marketBasket (#1) no direct adjustmentsgross of taxredemption yield formula,P1M,RO0515DBN0H8 11/04/2005-31/12/2005RO0515DBN0T3 06/06/2005-31/12/2005RO0515DBN119 31/12/2005-presentRO0515DBN143 31/12/2005-present,A,,,,,,,,,2,Ministry of Public FinanceCentral GovernmentOTC marketBasket (#1) no direct adjustmentsgross of taxredemption yield formula,,Long-term interest rate for convergence purposes - Romanian leu,"Romania, Long-term interest rate for convergence purposes - Unspecified rate type, Debt security issued, 10 years maturity, New business coverage, denominated in Romanian leu - Unspecified counterpart sector",PC,0
IRS.M.RO.L.L40.CI.0000.RON.N.Z,M,RO,L,L40,CI,0000,RON,N,Z,2011-04,7.3,A,F,,Ministry of Public FinanceCentral GovernmentOTC marketBasket (#1) no direct adjustmentsgross of taxredemption yield formula,P1M,RO0515DBN0H8 11/04/2005-31/12/2005RO0515DBN0T3 06/06/2005-31/12/2005RO0515DBN119 31/12/2005-presentRO0515DBN143 31/12/2005-present,A,,,,,,,,,2,Ministry of Public FinanceCentral GovernmentOTC marketBasket (#1) no direct adjustmentsgross of taxredemption yield formula,,Long-term interest rate for convergence purposes - Romanian leu,"Romania, Long-term interest rate for convergence purposes - Unspecified rate type, Debt security issued, 10 years maturity, New business coverage, denominated in Romanian leu - Unspecified counterpart sector",PC,0
IRS.M.RO.L.L40.CI.0000.RON.N.Z,M,RO,L,L40,CI,0000,RON,N,Z,2011-05,7.26,A,F,,Ministry of Public FinanceCentral GovernmentOTC marketBasket (#1) no direct adjustmentsgross of taxredemption yield formula,P1M,RO0515DBN0H8 11/04/2005-31/12/2005RO0515DBN0T3 06/06/2005-31/12/2005RO0515DBN119 31/12/2005-presentRO0515DBN143 31/12/2005-present,A,,,,,,,,,2,Ministry of Public FinanceCentral GovernmentOTC marketBasket (#1) no direct adjustmentsgross of taxredemption yield formula,,Long-term interest rate for convergence purposes - Romanian leu,"Romania, Long-term interest rate for convergence purposes - Unspecified rate type, Debt security issued, 10 years maturity, New business coverage, denominated in Romanian leu - Unspecified counterpart sector",PC,0
IRS.M.RO.L.L40.CI.0000.RON.N.Z,M,RO,L,L40,CI,0000,RON,N,Z,2011-06,7.42,A,F,,Ministry of Public FinanceCentral GovernmentOTC marketBasket (#1) no direct adjustmentsgross of taxredemption yield formula,P1M,RO0515DBN0H8 11/04/2005-31/12/2005RO0515DBN0T3 06/06/2005-31/12/2005RO0515DBN119 31/12/2005-presentRO0515DBN143 31/12/2005-present,A,,,,,,,,,2,Ministry of Public FinanceCentral GovernmentOTC marketBasket (#1) no direct adjustmentsgross of taxredemption yield formula,,Long-term interest rate for convergence purposes - Romanian leu,"Romania, Long-term interest rate for convergence purposes - Unspecified rate type, Debt security issued, 10 years maturity, New business coverage, denominated in Romanian leu - Unspecified counterpart sector",PC,0
IRS.M.RO.L.L40.CI.0000.RON.N.Z,M,RO,L,L40,CI,0000,RON,N,Z,2011-07,7.41,A,F,,Ministry of Public FinanceCentral GovernmentOTC marketBasket (#1) no direct adjustmentsgross of taxredemption yield formula,P1M,RO0515DBN0H8 11/04/2005-31/12/2005RO0515DBN0T3 06/06/2005-31/12/2005RO0515DBN119 31/12/2005-presentRO0515DBN143 31/12/2005-present,A,,,,,,,,,2,Ministry of Public FinanceCentral GovernmentOTC marketBasket (#1) no direct adjustmentsgross of taxredemption yield formula,,Long-term interest rate for convergence purposes - Romanian leu,"Romania, Long-term interest rate for convergence purposes - Unspecified rate type, Debt security issued, 10 years maturity, New business coverage, denominated in Romanian leu - Unspecified counterpart sector",PC,0
IRS.M.RO.L.L40.CI.0000.RON.N.Z,M,RO,L,L40,CI,0000,RON,N,Z,2011-08,7.3,A,F,,Ministry of Public FinanceCentral GovernmentOTC marketBasket (#1) no direct adjustmentsgross of taxredemption yield formula,P1M,RO0515DBN0H8 11/04/2005-31/12/2005RO0515DBN0T3 06/06/2005-31/12/2005RO0515DBN119 31/12/2005-presentRO0515DBN143 31/12/2005-present,A,,,,,,,,,2,Ministry of Public FinanceCentral GovernmentOTC marketBasket (#1) no direct adjustmentsgross of taxredemption yield formula,,Long-term interest rate for convergence purposes - Romanian leu,"Romania, Long-term interest rate for convergence purposes - Unspecified rate type, Debt security issued, 10 years maturity, New business coverage, denominated in Romanian leu - Unspecified counterpart sector",PC,0
IRS.M.RO.L.L40.CI.0000.RON.N.Z,M,RO,L,L40,CI,0000,RON,N,Z,2011-09,7.28,A,F,,Ministry of Public FinanceCentral GovernmentOTC marketBasket (#1) no direct adjustmentsgross of taxredemption yield formula,P1M,RO0515DBN0H8 11/04/2005-31/12/2005RO0515DBN0T3 06/06/2005-31/12/2005RO0515DBN119 31/12/2005-presentRO0515DBN143 31/12/2005-present,A,,,,,,,,,2,Ministry of Public FinanceCentral GovernmentOTC marketBasket (#1) no direct adjustmentsgross of taxredemption yield formula,,Long-term interest rate for convergence purposes - Romanian leu,"Romania, Long-term interest rate for convergence purposes - Unspecified rate type, Debt security issued, 10 years maturity, New business coverage, denominated in Romanian leu - Unspecified counterpart sector",PC,0
IRS.M.RO.L.L40.CI.0000.RON.N.Z,M,RO,L,L40,CI,0000,RON,N,Z,2011-10,7.72,A,F,,Ministry of Public FinanceCentral GovernmentOTC marketBasket (#1) no direct adjustmentsgross of taxredemption yield formula,P1M,RO0515DBN0H8 11/04/2005-31/12/2005RO0515DBN0T3 06/06/2005-31/12/2005RO0515DBN119 31/12/2005-presentRO0515DBN143 31/12/2005-present,A,,,,,,,,,2,Ministry of Public FinanceCentral GovernmentOTC marketBasket (#1) no direct adjustmentsgross of taxredemption yield formula,,Long-term interest rate for convergence purposes - Romanian leu,"Romania, Long-term interest rate for convergence purposes - Unspecified rate type, Debt security issued, 10 years maturity, New business coverage, denominated in Romanian leu - Unspecified counterpart sector",PC,0
IRS.M.RO.L.L40.CI.0000.RON.N.Z,M,RO,L,L40,CI,0000,RON,N,Z,2011-11,7.43,A,F,,Ministry of Public FinanceCentral GovernmentOTC marketBasket (#1) no direct adjustmentsgross of taxredemption yield formula,P1M,RO0515DBN0H8 11/04/2005-31/12/2005RO0515DBN0T3 06/06/2005-31/12/2005RO0515DBN119 31/12/2005-presentRO0515DBN143 31/12/2005-present,A,,,,,,,,,2,Ministry of Public FinanceCentral GovernmentOTC marketBasket (#1) no direct adjustmentsgross of taxredemption yield formula,,Long-term interest rate for convergence purposes - Romanian leu,"Romania, Long-term interest rate for convergence purposes - Unspecified rate type, Debt security issued, 10 years maturity, New business coverage, denominated in Romanian leu - Unspecified counterpart sector",PC,0
IRS.M.RO.L.L40.CI.0000.RON.N.Z,M,RO,L,L40,CI,0000,RON,N,Z,2011-12,7.39,A,F,,Ministry of Public FinanceCentral GovernmentOTC marketBasket (#1) no direct adjustmentsgross of taxredemption yield formula,P1M,RO0515DBN0H8 11/04/2005-31/12/2005RO0515DBN0T3 06/06/2005-31/12/2005RO0515DBN119 31/12/2005-presentRO0515DBN143 31/12/2005-present,A,,,,,,,,,2,Ministry of Public FinanceCentral GovernmentOTC marketBasket (#1) no direct adjustmentsgross of taxredemption yield formula,,Long-term interest rate for convergence purposes - Romanian leu,"Romania, Long-term interest rate for convergence purposes - Unspecified rate type, Debt security issued, 10 years maturity, New business coverage, denominated in Romanian leu - Unspecified counterpart sector",PC,0
IRS.M.RO.L.L40.CI.0000.RON.N.Z,M,RO,L,L40,CI,0000,RON,N,Z,2012-01,7.02,A,F,,Ministry of Public FinanceCentral GovernmentOTC marketBasket (#1) no direct adjustmentsgross of taxredemption yield formula,P1M,RO0515DBN0H8 11/04/2005-31/12/2005RO0515DBN0T3 06/06/2005-31/12/2005RO0515DBN119 31/12/2005-presentRO0515DBN143 31/12/2005-present,A,,,,,,,,,2,Ministry of Public FinanceCentral GovernmentOTC marketBasket (#1) no direct adjustmentsgross of taxredemption yield formula,,Long-term interest rate for convergence purposes - Romanian leu,"Romania, Long-term interest rate for convergence purposes - Unspecified rate type, Debt security issued, 10 years maturity, New business coverage, denominated in Romanian leu - Unspecified counterpart sector",PC,0
IRS.M.RO.L.L40.CI.0000.RON.N.Z,M,RO,L,L40,CI,0000,RON,N,Z,2012-02,6.99,A,F,,Ministry of Public FinanceCentral GovernmentOTC marketBasket (#1) no direct adjustmentsgross of taxredemption yield formula,P1M,RO0515DBN0H8 11/04/2005-31/12/2005RO0515DBN0T3 06/06/2005-31/12/2005RO0515DBN119 31/12/2005-presentRO0515DBN143 31/12/2005-present,A,,,,,,,,,2,Ministry of Public FinanceCentral GovernmentOTC marketBasket (#1) no direct adjustmentsgross of taxredemption yield formula,,Long-term interest rate for convergence purposes - Romanian leu,"Romania, Long-term interest rate for convergence purposes - Unspecified rate type, Debt security issued, 10 years maturity, New business coverage, denominated in Romanian leu - Unspecified counterpart sector",PC,0
IRS.M.RO.L.L40.CI.0000.RON.N.Z,M,RO,L,L40,CI,0000,RON,N,Z,2012-03,6.48,A,F,,Ministry of Public FinanceCentral GovernmentOTC marketBasket (#1) no direct adjustmentsgross of taxredemption yield formula,P1M,RO0515DBN0H8 11/04/2005-31/12/2005RO0515DBN0T3 06/06/2005-31/12/2005RO0515DBN119 31/12/2005-presentRO0515DBN143 31/12/2005-present,A,,,,,,,,,2,Ministry of Public FinanceCentral GovernmentOTC marketBasket (#1) no direct adjustmentsgross of taxredemption yield formula,,Long-term interest rate for convergence purposes - Romanian leu,"Romania, Long-term interest rate for convergence purposes - Unspecified rate type, Debt security issued, 10 years maturity, New business coverage, denominated in Romanian leu - Unspecified counterpart sector",PC,0
IRS.M.RO.L.L40.CI.0000.RON.N.Z,M,RO,L,L40,CI,0000,RON,N,Z,2012-04,6.24,A,F,,Ministry of Public FinanceCentral GovernmentOTC marketBasket (#1) no direct adjustmentsgross of taxredemption yield formula,P1M,RO0515DBN0H8 11/04/2005-31/12/2005RO0515DBN0T3 06/06/2005-31/12/2005RO0515DBN119 31/12/2005-presentRO0515DBN143 31/12/2005-present,A,,,,,,,,,2,Ministry of Public FinanceCentral GovernmentOTC marketBasket (#1) no direct adjustmentsgross of taxredemption yield formula,,Long-term interest rate for convergence purposes - Romanian leu,"Romania, Long-term interest rate for convergence purposes - Unspecified rate type, Debt security issued, 10 years maturity, New business coverage, denominated in Romanian leu - Unspecified counterpart sector",PC,0
IRS.M.RO.L.L40.CI.0000.RON.N.Z,M,RO,L,L40,CI,0000,RON,N,Z,2012-05,6.5,A,F,,Ministry of Public FinanceCentral GovernmentOTC marketBasket (#1) no direct adjustmentsgross of taxredemption yield formula,P1M,RO0515DBN0H8 11/04/2005-31/12/2005RO0515DBN0T3 06/06/2005-31/12/2005RO0515DBN119 31/12/2005-presentRO0515DBN143 31/12/2005-present,A,,,,,,,,,2,Ministry of Public FinanceCentral GovernmentOTC marketBasket (#1) no direct adjustmentsgross of taxredemption yield formula,,Long-term interest rate for convergence purposes - Romanian leu,"Romania, Long-term interest rate for convergence purposes - Unspecified rate type, Debt security issued, 10 years maturity, New business coverage, denominated in Romanian leu - Unspecified counterpart sector",PC,0
IRS.M.RO.L.L40.CI.0000.RON.N.Z,M,RO,L,L40,CI,0000,RON,N,Z,2012-06,6.68,A,F,,Ministry of Public FinanceCentral GovernmentOTC marketBasket (#1) no direct adjustmentsgross of taxredemption yield formula,P1M,RO0515DBN0H8 11/04/2005-31/12/2005RO0515DBN0T3 06/06/2005-31/12/2005RO0515DBN119 31/12/2005-presentRO0515DBN143 31/12/2005-present,A,,,,,,,,,2,Ministry of Public FinanceCentral GovernmentOTC marketBasket (#1) no direct adjustmentsgross of taxredemption yield formula,,Long-term interest rate for convergence purposes - Romanian leu,"Romania, Long-term interest rate for convergence purposes - Unspecified rate type, Debt security issued, 10 years maturity, New business coverage, denominated in Romanian leu - Unspecified counterpart sector",PC,0
IRS.M.RO.L.L40.CI.0000.RON.N.Z,M,RO,L,L40,CI,0000,RON,N,Z,2012-07,6.52,A,F,,Ministry of Public FinanceCentral GovernmentOTC marketBasket (#1) no direct adjustmentsgross of taxredemption yield formula,P1M,RO0515DBN0H8 11/04/2005-31/12/2005RO0515DBN0T3 06/06/2005-31/12/2005RO0515DBN119 31/12/2005-presentRO0515DBN143 31/12/2005-present,A,,,,,,,,,2,Ministry of Public FinanceCentral GovernmentOTC marketBasket (#1) no direct adjustmentsgross of taxredemption yield formula,,Long-term interest rate for convergence purposes - Romanian leu,"Romania, Long-term interest rate for convergence purposes - Unspecified rate type, Debt security issued, 10 years maturity, New business coverage, denominated in Romanian leu - Unspecified counterpart sector",PC,0
IRS.M.RO.L.L40.CI.0000.RON.N.Z,M,RO,L,L40,CI,0000,RON,N,Z,2012-08,6.84,A,F,,Ministry of Public FinanceCentral GovernmentOTC marketBasket (#1) no direct adjustmentsgross of taxredemption yield formula,P1M,RO0515DBN0H8 11/04/2005-31/12/2005RO0515DBN0T3 06/06/2005-31/12/2005RO0515DBN119 31/12/2005-presentRO0515DBN143 31/12/2005-present,A,,,,,,,,,2,Ministry of Public FinanceCentral GovernmentOTC marketBasket (#1) no direct adjustmentsgross of taxredemption yield formula,,Long-term interest rate for convergence purposes - Romanian leu,"Romania, Long-term interest rate for convergence purposes - Unspecified rate type, Debt security issued, 10 years maturity, New business coverage, denominated in Romanian leu - Unspecified counterpart sector",PC,0
IRS.M.RO.L.L40.CI.0000.RON.N.Z,M,RO,L,L40,CI,0000,RON,N,Z,2012-09,6.54,A,F,,Ministry of Public FinanceCentral GovernmentOTC marketBasket (#1) no direct adjustmentsgross of taxredemption yield formula,P1M,RO0515DBN0H8 11/04/2005-31/12/2005RO0515DBN0T3 06/06/2005-31/12/2005RO0515DBN119 31/12/2005-presentRO0515DBN143 31/12/2005-present,A,,,,,,,,,2,Ministry of Public FinanceCentral GovernmentOTC marketBasket (#1) no direct adjustmentsgross of taxredemption yield formula,,Long-term interest rate for convergence purposes - Romanian leu,"Romania, Long-term interest rate for convergence purposes - Unspecified rate type, Debt security issued, 10 years maturity, New business coverage, denominated in Romanian leu - Unspecified counterpart sector",PC,0
IRS.M.RO.L.L40.CI.0000.RON.N.Z,M,RO,L,L40,CI,0000,RON,N,Z,2012-10,6.85,A,F,,Ministry of Public FinanceCentral GovernmentOTC marketBasket (#1) no direct adjustmentsgross of taxredemption yield formula,P1M,RO0515DBN0H8 11/04/2005-31/12/2005RO0515DBN0T3 06/06/2005-31/12/2005RO0515DBN119 31/12/2005-presentRO0515DBN143 31/12/2005-present,A,,,,,,,,,2,Ministry of Public FinanceCentral GovernmentOTC marketBasket (#1) no direct adjustmentsgross of taxredemption yield formula,,Long-term interest rate for convergence purposes - Romanian leu,"Romania, Long-term interest rate for convergence purposes - Unspecified rate type, Debt security issued, 10 years maturity, New business coverage, denominated in Romanian leu - Unspecified counterpart sector",PC,0
IRS.M.RO.L.L40.CI.0000.RON.N.Z,M,RO,L,L40,CI,0000,RON,N,Z,2012-11,6.84,A,F,,Ministry of Public FinanceCentral GovernmentOTC marketBasket (#1) no direct adjustmentsgross of taxredemption yield formula,P1M,RO0515DBN0H8 11/04/2005-31/12/2005RO0515DBN0T3 06/06/2005-31/12/2005RO0515DBN119 31/12/2005-presentRO0515DBN143 31/12/2005-present,A,,,,,,,,,2,Ministry of Public FinanceCentral GovernmentOTC marketBasket (#1) no direct adjustmentsgross of taxredemption yield formula,,Long-term interest rate for convergence purposes - Romanian leu,"Romania, Long-term interest rate for convergence purposes - Unspecified rate type, Debt security issued, 10 years maturity, New business coverage, denominated in Romanian leu - Unspecified counterpart sector",PC,0
IRS.M.RO.L.L40.CI.0000.RON.N.Z,M,RO,L,L40,CI,0000,RON,N,Z,2012-12,6.65,A,F,,Ministry of Public FinanceCentral GovernmentOTC marketBasket (#1) no direct adjustmentsgross of taxredemption yield formula,P1M,RO0515DBN0H8 11/04/2005-31/12/2005RO0515DBN0T3 06/06/2005-31/12/2005RO0515DBN119 31/12/2005-presentRO0515DBN143 31/12/2005-present,A,,,,,,,,,2,Ministry of Public FinanceCentral GovernmentOTC marketBasket (#1) no direct adjustmentsgross of taxredemption yield formula,,Long-term interest rate for convergence purposes - Romanian leu,"Romania, Long-term interest rate for convergence purposes - Unspecified rate type, Debt security issued, 10 years maturity, New business coverage, denominated in Romanian leu - Unspecified counterpart sector",PC,0
IRS.M.RO.L.L40.CI.0000.RON.N.Z,M,RO,L,L40,CI,0000,RON,N,Z,2013-01,5.9,A,F,,Ministry of Public FinanceCentral GovernmentOTC marketBasket (#1) no direct adjustmentsgross of taxredemption yield formula,P1M,RO0515DBN0H8 11/04/2005-31/12/2005RO0515DBN0T3 06/06/2005-31/12/2005RO0515DBN119 31/12/2005-presentRO0515DBN143 31/12/2005-present,A,,,,,,,,,2,Ministry of Public FinanceCentral GovernmentOTC marketBasket (#1) no direct adjustmentsgross of taxredemption yield formula,,Long-term interest rate for convergence purposes - Romanian leu,"Romania, Long-term interest rate for convergence purposes - Unspecified rate type, Debt security issued, 10 years maturity, New business coverage, denominated in Romanian leu - Unspecified counterpart sector",PC,0
IRS.M.RO.L.L40.CI.0000.RON.N.Z,M,RO,L,L40,CI,0000,RON,N,Z,2013-02,5.72,A,F,,Ministry of Public FinanceCentral GovernmentOTC marketBasket (#1) no direct adjustmentsgross of taxredemption yield formula,P1M,RO0515DBN0H8 11/04/2005-31/12/2005RO0515DBN0T3 06/06/2005-31/12/2005RO0515DBN119 31/12/2005-presentRO0515DBN143 31/12/2005-present,A,,,,,,,,,2,Ministry of Public FinanceCentral GovernmentOTC marketBasket (#1) no direct adjustmentsgross of taxredemption yield formula,,Long-term interest rate for convergence purposes - Romanian leu,"Romania, Long-term interest rate for convergence purposes - Unspecified rate type, Debt security issued, 10 years maturity, New business coverage, denominated in Romanian leu - Unspecified counterpart sector",PC,0
IRS.M.RO.L.L40.CI.0000.RON.N.Z,M,RO,L,L40,CI,0000,RON,N,Z,2013-03,5.86,A,F,,Ministry of Public FinanceCentral GovernmentOTC marketBasket (#1) no direct adjustmentsgross of taxredemption yield formula,P1M,RO0515DBN0H8 11/04/2005-31/12/2005RO0515DBN0T3 06/06/2005-31/12/2005RO0515DBN119 31/12/2005-presentRO0515DBN143 31/12/2005-present,A,,,,,,,,,2,Ministry of Public FinanceCentral GovernmentOTC marketBasket (#1) no direct adjustmentsgross of taxredemption yield formula,,Long-term interest rate for convergence purposes - Romanian leu,"Romania, Long-term interest rate for convergence purposes - Unspecified rate type, Debt security issued, 10 years maturity, New business coverage, denominated in Romanian leu - Unspecified counterpart sector",PC,0
IRS.M.RO.L.L40.CI.0000.RON.N.Z,M,RO,L,L40,CI,0000,RON,N,Z,2013-04,5.46,A,F,,Ministry of Public FinanceCentral GovernmentOTC marketBasket (#1) no direct adjustmentsgross of taxredemption yield formula,P1M,RO0515DBN0H8 11/04/2005-31/12/2005RO0515DBN0T3 06/06/2005-31/12/2005RO0515DBN119 31/12/2005-presentRO0515DBN143 31/12/2005-present,A,,,,,,,,,2,Ministry of Public FinanceCentral GovernmentOTC marketBasket (#1) no direct adjustmentsgross of taxredemption yield formula,,Long-term interest rate for convergence purposes - Romanian leu,"Romania, Long-term interest rate for convergence purposes - Unspecified rate type, Debt security issued, 10 years maturity, New business coverage, denominated in Romanian leu - Unspecified counterpart sector",PC,0
IRS.M.RO.L.L40.CI.0000.RON.N.Z,M,RO,L,L40,CI,0000,RON,N,Z,2013-05,5.23,A,F,,Ministry of Public FinanceCentral GovernmentOTC marketBasket (#1) no direct adjustmentsgross of taxredemption yield formula,P1M,RO0515DBN0H8 11/04/2005-31/12/2005RO0515DBN0T3 06/06/2005-31/12/2005RO0515DBN119 31/12/2005-presentRO0515DBN143 31/12/2005-present,A,,,,,,,,,2,Ministry of Public FinanceCentral GovernmentOTC marketBasket (#1) no direct adjustmentsgross of taxredemption yield formula,,Long-term interest rate for convergence purposes - Romanian leu,"Romania, Long-term interest rate for convergence purposes - Unspecified rate type, Debt security issued, 10 years maturity, New business coverage, denominated in Romanian leu - Unspecified counterpart sector",PC,0
IRS.M.RO.L.L40.CI.0000.RON.N.Z,M,RO,L,L40,CI,0000,RON,N,Z,2013-06,5.43,A,F,,Ministry of Public FinanceCentral GovernmentOTC marketBasket (#1) no direct adjustmentsgross of taxredemption yield formula,P1M,RO0515DBN0H8 11/04/2005-31/12/2005RO0515DBN0T3 06/06/2005-31/12/2005RO0515DBN119 31/12/2005-presentRO0515DBN143 31/12/2005-present,A,,,,,,,,,2,Ministry of Public FinanceCentral GovernmentOTC marketBasket (#1) no direct adjustmentsgross of taxredemption yield formula,,Long-term interest rate for convergence purposes - Romanian leu,"Romania, Long-term interest rate for convergence purposes - Unspecified rate type, Debt security issued, 10 years maturity, New business coverage, denominated in Romanian leu - Unspecified counterpart sector",PC,0
IRS.M.RO.L.L40.CI.0000.RON.N.Z,M,RO,L,L40,CI,0000,RON,N,Z,2013-07,5.26,A,F,,Ministry of Public FinanceCentral GovernmentOTC marketBasket (#1) no direct adjustmentsgross of taxredemption yield formula,P1M,RO0515DBN0H8 11/04/2005-31/12/2005RO0515DBN0T3 06/06/2005-31/12/2005RO0515DBN119 31/12/2005-presentRO0515DBN143 31/12/2005-present,A,,,,,,,,,2,Ministry of Public FinanceCentral GovernmentOTC marketBasket (#1) no direct adjustmentsgross of taxredemption yield formula,,Long-term interest rate for convergence purposes - Romanian leu,"Romania, Long-term interest rate for convergence purposes - Unspecified rate type, Debt security issued, 10 years maturity, New business coverage, denominated in Romanian leu - Unspecified counterpart sector",PC,0
IRS.M.RO.L.L40.CI.0000.RON.N.Z,M,RO,L,L40,CI,0000,RON,N,Z,2013-08,5.04,A,F,,Ministry of Public FinanceCentral GovernmentOTC marketBasket (#1) no direct adjustmentsgross of taxredemption yield formula,P1M,RO0515DBN0H8 11/04/2005-31/12/2005RO0515DBN0T3 06/06/2005-31/12/2005RO0515DBN119 31/12/2005-presentRO0515DBN143 31/12/2005-present,A,,,,,,,,,2,Ministry of Public FinanceCentral GovernmentOTC marketBasket (#1) no direct adjustmentsgross of taxredemption yield formula,,Long-term interest rate for convergence purposes - Romanian leu,"Romania, Long-term interest rate for convergence purposes - Unspecified rate type, Debt security issued, 10 years maturity, New business coverage, denominated in Romanian leu - Unspecified counterpart sector",PC,0
IRS.M.RO.L.L40.CI.0000.RON.N.Z,M,RO,L,L40,CI,0000,RON,N,Z,2013-09,5.27,A,F,,Ministry of Public FinanceCentral GovernmentOTC marketBasket (#1) no direct adjustmentsgross of taxredemption yield formula,P1M,RO0515DBN0H8 11/04/2005-31/12/2005RO0515DBN0T3 06/06/2005-31/12/2005RO0515DBN119 31/12/2005-presentRO0515DBN143 31/12/2005-present,A,,,,,,,,,2,Ministry of Public FinanceCentral GovernmentOTC marketBasket (#1) no direct adjustmentsgross of taxredemption yield formula,,Long-term interest rate for convergence purposes - Romanian leu,"Romania, Long-term interest rate for convergence purposes - Unspecified rate type, Debt security issued, 10 years maturity, New business coverage, denominated in Romanian leu - Unspecified counterpart sector",PC,0
IRS.M.RO.L.L40.CI.0000.RON.N.Z,M,RO,L,L40,CI,0000,RON,N,Z,2013-10,5.22,A,F,,Ministry of Public FinanceCentral GovernmentOTC marketBasket (#1) no direct adjustmentsgross of taxredemption yield formula,P1M,RO0515DBN0H8 11/04/2005-31/12/2005RO0515DBN0T3 06/06/2005-31/12/2005RO0515DBN119 31/12/2005-presentRO0515DBN143 31/12/2005-present,A,,,,,,,,,2,Ministry of Public FinanceCentral GovernmentOTC marketBasket (#1) no direct adjustmentsgross of taxredemption yield formula,,Long-term interest rate for convergence purposes - Romanian leu,"Romania, Long-term interest rate for convergence purposes - Unspecified rate type, Debt security issued, 10 years maturity, New business coverage, denominated in Romanian leu - Unspecified counterpart sector",PC,0
IRS.M.RO.L.L40.CI.0000.RON.N.Z,M,RO,L,L40,CI,0000,RON,N,Z,2013-11,5.29,A,F,,Ministry of Public FinanceCentral GovernmentOTC marketBasket (#1) no direct adjustmentsgross of taxredemption yield formula,P1M,RO0515DBN0H8 11/04/2005-31/12/2005RO0515DBN0T3 06/06/2005-31/12/2005RO0515DBN119 31/12/2005-presentRO0515DBN143 31/12/2005-present,A,,,,,,,,,2,Ministry of Public FinanceCentral GovernmentOTC marketBasket (#1) no direct adjustmentsgross of taxredemption yield formula,,Long-term interest rate for convergence purposes - Romanian leu,"Romania, Long-term interest rate for convergence purposes - Unspecified rate type, Debt security issued, 10 years maturity, New business coverage, denominated in Romanian leu - Unspecified counterpart sector",PC,0
IRS.M.RO.L.L40.CI.0000.RON.N.Z,M,RO,L,L40,CI,0000,RON,N,Z,2013-12,5.29,A,F,,Ministry of Public FinanceCentral GovernmentOTC marketBasket (#1) no direct adjustmentsgross of taxredemption yield formula,P1M,RO0515DBN0H8 11/04/2005-31/12/2005RO0515DBN0T3 06/06/2005-31/12/2005RO0515DBN119 31/12/2005-presentRO0515DBN143 31/12/2005-present,A,,,,,,,,,2,Ministry of Public FinanceCentral GovernmentOTC marketBasket (#1) no direct adjustmentsgross of taxredemption yield formula,,Long-term interest rate for convergence purposes - Romanian leu,"Romania, Long-term interest rate for convergence purposes - Unspecified rate type, Debt security issued, 10 years maturity, New business coverage, denominated in Romanian leu - Unspecified counterpart sector",PC,0
IRS.M.RO.L.L40.CI.0000.RON.N.Z,M,RO,L,L40,CI,0000,RON,N,Z,2014-01,5.22,A,F,,Ministry of Public FinanceCentral GovernmentOTC marketBasket (#1) no direct adjustmentsgross of taxredemption yield formula,P1M,RO0515DBN0H8 11/04/2005-31/12/2005RO0515DBN0T3 06/06/2005-31/12/2005RO0515DBN119 31/12/2005-presentRO0515DBN143 31/12/2005-present,A,,,,,,,,,2,Ministry of Public FinanceCentral GovernmentOTC marketBasket (#1) no direct adjustmentsgross of taxredemption yield formula,,Long-term interest rate for convergence purposes - Romanian leu,"Romania, Long-term interest rate for convergence purposes - Unspecified rate type, Debt security issued, 10 years maturity, New business coverage, denominated in Romanian leu - Unspecified counterpart sector",PC,0
IRS.M.RO.L.L40.CI.0000.RON.N.Z,M,RO,L,L40,CI,0000,RON,N,Z,2014-02,5.35,A,F,,Ministry of Public FinanceCentral GovernmentOTC marketBasket (#1) no direct adjustmentsgross of taxredemption yield formula,P1M,RO0515DBN0H8 11/04/2005-31/12/2005RO0515DBN0T3 06/06/2005-31/12/2005RO0515DBN119 31/12/2005-presentRO0515DBN143 31/12/2005-present,A,,,,,,,,,2,Ministry of Public FinanceCentral GovernmentOTC marketBasket (#1) no direct adjustmentsgross of taxredemption yield formula,,Long-term interest rate for convergence purposes - Romanian leu,"Romania, Long-term interest rate for convergence purposes - Unspecified rate type, Debt security issued, 10 years maturity, New business coverage, denominated in Romanian leu - Unspecified counterpart sector",PC,0
IRS.M.RO.L.L40.CI.0000.RON.N.Z,M,RO,L,L40,CI,0000,RON,N,Z,2014-03,5.31,A,F,,Ministry of Public FinanceCentral GovernmentOTC marketBasket (#1) no direct adjustmentsgross of taxredemption yield formula,P1M,RO0515DBN0H8 11/04/2005-31/12/2005RO0515DBN0T3 06/06/2005-31/12/2005RO0515DBN119 31/12/2005-presentRO0515DBN143 31/12/2005-present,A,,,,,,,,,2,Ministry of Public FinanceCentral GovernmentOTC marketBasket (#1) no direct adjustmentsgross of taxredemption yield formula,,Long-term interest rate for convergence purposes - Romanian leu,"Romania, Long-term interest rate for convergence purposes - Unspecified rate type, Debt security issued, 10 years maturity, New business coverage, denominated in Romanian leu - Unspecified counterpart sector",PC,0
IRS.M.RO.L.L40.CI.0000.RON.N.Z,M,RO,L,L40,CI,0000,RON,N,Z,2014-04,5.15,A,F,,Ministry of Public FinanceCentral GovernmentOTC marketBasket (#1) no direct adjustmentsgross of taxredemption yield formula,P1M,RO0515DBN0H8 11/04/2005-31/12/2005RO0515DBN0T3 06/06/2005-31/12/2005RO0515DBN119 31/12/2005-presentRO0515DBN143 31/12/2005-present,A,,,,,,,,,2,Ministry of Public FinanceCentral GovernmentOTC marketBasket (#1) no direct adjustmentsgross of taxredemption yield formula,,Long-term interest rate for convergence purposes - Romanian leu,"Romania, Long-term interest rate for convergence purposes - Unspecified rate type, Debt security issued, 10 years maturity, New business coverage, denominated in Romanian leu - Unspecified counterpart sector",PC,0
IRS.M.RO.L.L40.CI.0000.RON.N.Z,M,RO,L,L40,CI,0000,RON,N,Z,2014-05,4.72,A,F,,Ministry of Public FinanceCentral GovernmentOTC marketBasket (#1) no direct adjustmentsgross of taxredemption yield formula,P1M,RO0515DBN0H8 11/04/2005-31/12/2005RO0515DBN0T3 06/06/2005-31/12/2005RO0515DBN119 31/12/2005-presentRO0515DBN143 31/12/2005-present,A,,,,,,,,,2,Ministry of Public FinanceCentral GovernmentOTC marketBasket (#1) no direct adjustmentsgross of taxredemption yield formula,,Long-term interest rate for convergence purposes - Romanian leu,"Romania, Long-term interest rate for convergence purposes - Unspecified rate type, Debt security issued, 10 years maturity, New business coverage, denominated in Romanian leu - Unspecified counterpart sector",PC,0
IRS.M.RO.L.L40.CI.0000.RON.N.Z,M,RO,L,L40,CI,0000,RON,N,Z,2014-06,4.48,A,F,,Ministry of Public FinanceCentral GovernmentOTC marketBasket (#1) no direct adjustmentsgross of taxredemption yield formula,P1M,RO0515DBN0H8 11/04/2005-31/12/2005RO0515DBN0T3 06/06/2005-31/12/2005RO0515DBN119 31/12/2005-presentRO0515DBN143 31/12/2005-present,A,,,,,,,,,2,Ministry of Public FinanceCentral GovernmentOTC marketBasket (#1) no direct adjustmentsgross of taxredemption yield formula,,Long-term interest rate for convergence purposes - Romanian leu,"Romania, Long-term interest rate for convergence purposes - Unspecified rate type, Debt security issued, 10 years maturity, New business coverage, denominated in Romanian leu - Unspecified counterpart sector",PC,0
IRS.M.RO.L.L40.CI.0000.RON.N.Z,M,RO,L,L40,CI,0000,RON,N,Z,2014-07,4.16,A,F,,Ministry of Public FinanceCentral GovernmentOTC marketBasket (#1) no direct adjustmentsgross of taxredemption yield formula,P1M,RO0515DBN0H8 11/04/2005-31/12/2005RO0515DBN0T3 06/06/2005-31/12/2005RO0515DBN119 31/12/2005-presentRO0515DBN143 31/12/2005-present,A,,,,,,,,,2,Ministry of Public FinanceCentral GovernmentOTC marketBasket (#1) no direct adjustmentsgross of taxredemption yield formula,,Long-term interest rate for convergence purposes - Romanian leu,"Romania, Long-term interest rate for convergence purposes - Unspecified rate type, Debt security issued, 10 years maturity, New business coverage, denominated in Romanian leu - Unspecified counterpart sector",PC,0
IRS.M.RO.L.L40.CI.0000.RON.N.Z,M,RO,L,L40,CI,0000,RON,N,Z,2014-08,4.21,A,F,,Ministry of Public FinanceCentral GovernmentOTC marketBasket (#1) no direct adjustmentsgross of taxredemption yield formula,P1M,RO0515DBN0H8 11/04/2005-31/12/2005RO0515DBN0T3 06/06/2005-31/12/2005RO0515DBN119 31/12/2005-presentRO0515DBN143 31/12/2005-present,A,,,,,,,,,2,Ministry of Public FinanceCentral GovernmentOTC marketBasket (#1) no direct adjustmentsgross of taxredemption yield formula,,Long-term interest rate for convergence purposes - Romanian leu,"Romania, Long-term interest rate for convergence purposes - Unspecified rate type, Debt security issued, 10 years maturity, New business coverage, denominated in Romanian leu - Unspecified counterpart sector",PC,0
IRS.M.RO.L.L40.CI.0000.RON.N.Z,M,RO,L,L40,CI,0000,RON,N,Z,2014-09,4.09,A,F,,Ministry of Public FinanceCentral GovernmentOTC marketBasket (#1) no direct adjustmentsgross of taxredemption yield formula,P1M,RO0515DBN0H8 11/04/2005-31/12/2005RO0515DBN0T3 06/06/2005-31/12/2005RO0515DBN119 31/12/2005-presentRO0515DBN143 31/12/2005-present,A,,,,,,,,,2,Ministry of Public FinanceCentral GovernmentOTC marketBasket (#1) no direct adjustmentsgross of taxredemption yield formula,,Long-term interest rate for convergence purposes - Romanian leu,"Romania, Long-term interest rate for convergence purposes - Unspecified rate type, Debt security issued, 10 years maturity, New business coverage, denominated in Romanian leu - Unspecified counterpart sector",PC,0
IRS.M.RO.L.L40.CI.0000.RON.N.Z,M,RO,L,L40,CI,0000,RON,N,Z,2014-10,3.9,A,F,,Ministry of Public FinanceCentral GovernmentOTC marketBasket (#1) no direct adjustmentsgross of taxredemption yield formula,P1M,RO0515DBN0H8 11/04/2005-31/12/2005RO0515DBN0T3 06/06/2005-31/12/2005RO0515DBN119 31/12/2005-presentRO0515DBN143 31/12/2005-present,A,,,,,,,,,2,Ministry of Public FinanceCentral GovernmentOTC marketBasket (#1) no direct adjustmentsgross of taxredemption yield formula,,Long-term interest rate for convergence purposes - Romanian leu,"Romania, Long-term interest rate for convergence purposes - Unspecified rate type, Debt security issued, 10 years maturity, New business coverage, denominated in Romanian leu - Unspecified counterpart sector",PC,0
IRS.M.RO.L.L40.CI.0000.RON.N.Z,M,RO,L,L40,CI,0000,RON,N,Z,2014-11,3.66,A,F,,Ministry of Public FinanceCentral GovernmentOTC marketBasket (#1) no direct adjustmentsgross of taxredemption yield formula,P1M,RO0515DBN0H8 11/04/2005-31/12/2005RO0515DBN0T3 06/06/2005-31/12/2005RO0515DBN119 31/12/2005-presentRO0515DBN143 31/12/2005-present,A,,,,,,,,,2,Ministry of Public FinanceCentral GovernmentOTC marketBasket (#1) no direct adjustmentsgross of taxredemption yield formula,,Long-term interest rate for convergence purposes - Romanian leu,"Romania, Long-term interest rate for convergence purposes - Unspecified rate type, Debt security issued, 10 years maturity, New business coverage, denominated in Romanian leu - Unspecified counterpart sector",PC,0
IRS.M.RO.L.L40.CI.0000.RON.N.Z,M,RO,L,L40,CI,0000,RON,N,Z,2014-12,3.68,A,F,,Ministry of Public FinanceCentral GovernmentOTC marketBasket (#1) no direct adjustmentsgross of taxredemption yield formula,P1M,RO0515DBN0H8 11/04/2005-31/12/2005RO0515DBN0T3 06/06/2005-31/12/2005RO0515DBN119 31/12/2005-presentRO0515DBN143 31/12/2005-present,A,,,,,,,,,2,Ministry of Public FinanceCentral GovernmentOTC marketBasket (#1) no direct adjustmentsgross of taxredemption yield formula,,Long-term interest rate for convergence purposes - Romanian leu,"Romania, Long-term interest rate for convergence purposes - Unspecified rate type, Debt security issued, 10 years maturity, New business coverage, denominated in Romanian leu - Unspecified counterpart sector",PC,0
IRS.M.RO.L.L40.CI.0000.RON.N.Z,M,RO,L,L40,CI,0000,RON,N,Z,2015-01,3.14,A,F,,Ministry of Public FinanceCentral GovernmentOTC marketBasket (#1) no direct adjustmentsgross of taxredemption yield formula,P1M,RO0515DBN0H8 11/04/2005-31/12/2005RO0515DBN0T3 06/06/2005-31/12/2005RO0515DBN119 31/12/2005-presentRO0515DBN143 31/12/2005-present,A,,,,,,,,,2,Ministry of Public FinanceCentral GovernmentOTC marketBasket (#1) no direct adjustmentsgross of taxredemption yield formula,,Long-term interest rate for convergence purposes - Romanian leu,"Romania, Long-term interest rate for convergence purposes - Unspecified rate type, Debt security issued, 10 years maturity, New business coverage, denominated in Romanian leu - Unspecified counterpart sector",PC,0
IRS.M.RO.L.L40.CI.0000.RON.N.Z,M,RO,L,L40,CI,0000,RON,N,Z,2015-02,2.83,A,F,,Ministry of Public FinanceCentral GovernmentOTC marketBasket (#1) no direct adjustmentsgross of taxredemption yield formula,P1M,RO0515DBN0H8 11/04/2005-31/12/2005RO0515DBN0T3 06/06/2005-31/12/2005RO0515DBN119 31/12/2005-presentRO0515DBN143 31/12/2005-present,A,,,,,,,,,2,Ministry of Public FinanceCentral GovernmentOTC marketBasket (#1) no direct adjustmentsgross of taxredemption yield formula,,Long-term interest rate for convergence purposes - Romanian leu,"Romania, Long-term interest rate for convergence purposes - Unspecified rate type, Debt security issued, 10 years maturity, New business coverage, denominated in Romanian leu - Unspecified counterpart sector",PC,0
IRS.M.RO.L.L40.CI.0000.RON.N.Z,M,RO,L,L40,CI,0000,RON,N,Z,2015-03,3.01,A,F,,Ministry of Public FinanceCentral GovernmentOTC marketBasket (#1) no direct adjustmentsgross of taxredemption yield formula,P1M,RO0515DBN0H8 11/04/2005-31/12/2005RO0515DBN0T3 06/06/2005-31/12/2005RO0515DBN119 31/12/2005-presentRO0515DBN143 31/12/2005-present,A,,,,,,,,,2,Ministry of Public FinanceCentral GovernmentOTC marketBasket (#1) no direct adjustmentsgross of taxredemption yield formula,,Long-term interest rate for convergence purposes - Romanian leu,"Romania, Long-term interest rate for convergence purposes - Unspecified rate type, Debt security issued, 10 years maturity, New business coverage, denominated in Romanian leu - Unspecified counterpart sector",PC,0
IRS.M.RO.L.L40.CI.0000.RON.N.Z,M,RO,L,L40,CI,0000,RON,N,Z,2015-04,3.25,A,F,,Ministry of Public FinanceCentral GovernmentOTC marketBasket (#1) no direct adjustmentsgross of taxredemption yield formula,P1M,RO0515DBN0H8 11/04/2005-31/12/2005RO0515DBN0T3 06/06/2005-31/12/2005RO0515DBN119 31/12/2005-presentRO0515DBN143 31/12/2005-present,A,,,,,,,,,2,Ministry of Public FinanceCentral GovernmentOTC marketBasket (#1) no direct adjustmentsgross of taxredemption yield formula,,Long-term interest rate for convergence purposes - Romanian leu,"Romania, Long-term interest rate for convergence purposes - Unspecified rate type, Debt security issued, 10 years maturity, New business coverage, denominated in Romanian leu - Unspecified counterpart sector",PC,0
IRS.M.RO.L.L40.CI.0000.RON.N.Z,M,RO,L,L40,CI,0000,RON,N,Z,2015-05,3.45,A,F,,Ministry of Public FinanceCentral GovernmentOTC marketBasket (#1) no direct adjustmentsgross of taxredemption yield formula,P1M,RO0515DBN0H8 11/04/2005-31/12/2005RO0515DBN0T3 06/06/2005-31/12/2005RO0515DBN119 31/12/2005-presentRO0515DBN143 31/12/2005-present,A,,,,,,,,,2,Ministry of Public FinanceCentral GovernmentOTC marketBasket (#1) no direct adjustmentsgross of taxredemption yield formula,,Long-term interest rate for convergence purposes - Romanian leu,"Romania, Long-term interest rate for convergence purposes - Unspecified rate type, Debt security issued, 10 years maturity, New business coverage, denominated in Romanian leu - Unspecified counterpart sector",PC,0
IRS.M.RO.L.L40.CI.0000.RON.N.Z,M,RO,L,L40,CI,0000,RON,N,Z,2015-06,3.84,A,F,,Ministry of Public FinanceCentral GovernmentOTC marketBasket (#1) no direct adjustmentsgross of taxredemption yield formula,P1M,RO0515DBN0H8 11/04/2005-31/12/2005RO0515DBN0T3 06/06/2005-31/12/2005RO0515DBN119 31/12/2005-presentRO0515DBN143 31/12/2005-present,A,,,,,,,,,2,Ministry of Public FinanceCentral GovernmentOTC marketBasket (#1) no direct adjustmentsgross of taxredemption yield formula,,Long-term interest rate for convergence purposes - Romanian leu,"Romania, Long-term interest rate for convergence purposes - Unspecified rate type, Debt security issued, 10 years maturity, New business coverage, denominated in Romanian leu - Unspecified counterpart sector",PC,0
IRS.M.RO.L.L40.CI.0000.RON.N.Z,M,RO,L,L40,CI,0000,RON,N,Z,2015-07,3.99,A,F,,Ministry of Public FinanceCentral GovernmentOTC marketBasket (#1) no direct adjustmentsgross of taxredemption yield formula,P1M,RO0515DBN0H8 11/04/2005-31/12/2005RO0515DBN0T3 06/06/2005-31/12/2005RO0515DBN119 31/12/2005-presentRO0515DBN143 31/12/2005-present,A,,,,,,,,,2,Ministry of Public FinanceCentral GovernmentOTC marketBasket (#1) no direct adjustmentsgross of taxredemption yield formula,,Long-term interest rate for convergence purposes - Romanian leu,"Romania, Long-term interest rate for convergence purposes - Unspecified rate type, Debt security issued, 10 years maturity, New business coverage, denominated in Romanian leu - Unspecified counterpart sector",PC,0
IRS.M.RO.L.L40.CI.0000.RON.N.Z,M,RO,L,L40,CI,0000,RON,N,Z,2015-08,3.86,A,F,,Ministry of Public FinanceCentral GovernmentOTC marketBasket (#1) no direct adjustmentsgross of taxredemption yield formula,P1M,RO0515DBN0H8 11/04/2005-31/12/2005RO0515DBN0T3 06/06/2005-31/12/2005RO0515DBN119 31/12/2005-presentRO0515DBN143 31/12/2005-present,A,,,,,,,,,2,Ministry of Public FinanceCentral GovernmentOTC marketBasket (#1) no direct adjustmentsgross of taxredemption yield formula,,Long-term interest rate for convergence purposes - Romanian leu,"Romania, Long-term interest rate for convergence purposes - Unspecified rate type, Debt security issued, 10 years maturity, New business coverage, denominated in Romanian leu - Unspecified counterpart sector",PC,0
IRS.M.RO.L.L40.CI.0000.RON.N.Z,M,RO,L,L40,CI,0000,RON,N,Z,2015-09,3.73,A,F,,,P1M,RO0515DBN0H8 11/04/2005-31/12/2005RO0515DBN0T3 06/06/2005-31/12/2005RO0515DBN119 31/12/2005-presentRO0515DBN143 31/12/2005-present,A,,,,,,,,,2,Ministry of Public FinanceCentral GovernmentOTC marketBasket (#1) no direct adjustmentsgross of taxredemption yield formula,,Long-term interest rate for convergence purposes - Romanian leu,"Romania, Long-term interest rate for convergence purposes - Unspecified rate type, Debt security issued, 10 years maturity, New business coverage, denominated in Romanian leu - Unspecified counterpart sector",PC,0
IRS.M.RO.L.L40.CI.0000.RON.N.Z,M,RO,L,L40,CI,0000,RON,N,Z,2015-10,3.47,A,F,,,P1M,RO0515DBN0H8 11/04/2005-31/12/2005RO0515DBN0T3 06/06/2005-31/12/2005RO0515DBN119 31/12/2005-presentRO0515DBN143 31/12/2005-present,A,,,,,,,,,2,Ministry of Public FinanceCentral GovernmentOTC marketBasket (#1) no direct adjustmentsgross of taxredemption yield formula,,Long-term interest rate for convergence purposes - Romanian leu,"Romania, Long-term interest rate for convergence purposes - Unspecified rate type, Debt security issued, 10 years maturity, New business coverage, denominated in Romanian leu - Unspecified counterpart sector",PC,0
IRS.M.RO.L.L40.CI.0000.RON.N.Z,M,RO,L,L40,CI,0000,RON,N,Z,2015-11,3.49,A,F,,,P1M,RO0515DBN0H8 11/04/2005-31/12/2005RO0515DBN0T3 06/06/2005-31/12/2005RO0515DBN119 31/12/2005-presentRO0515DBN143 31/12/2005-present,A,,,,,,,,,2,Ministry of Public FinanceCentral GovernmentOTC marketBasket (#1) no direct adjustmentsgross of taxredemption yield formula,,Long-term interest rate for convergence purposes - Romanian leu,"Romania, Long-term interest rate for convergence purposes - Unspecified rate type, Debt security issued, 10 years maturity, New business coverage, denominated in Romanian leu - Unspecified counterpart sector",PC,0
IRS.M.RO.L.L40.CI.0000.RON.N.Z,M,RO,L,L40,CI,0000,RON,N,Z,2015-12,3.62,A,F,,,P1M,RO0515DBN0H8 11/04/2005-31/12/2005RO0515DBN0T3 06/06/2005-31/12/2005RO0515DBN119 31/12/2005-presentRO0515DBN143 31/12/2005-present,A,,,,,,,,,2,Ministry of Public FinanceCentral GovernmentOTC marketBasket (#1) no direct adjustmentsgross of taxredemption yield formula,,Long-term interest rate for convergence purposes - Romanian leu,"Romania, Long-term interest rate for convergence purposes - Unspecified rate type, Debt security issued, 10 years maturity, New business coverage, denominated in Romanian leu - Unspecified counterpart sector",PC,0
IRS.M.RO.L.L40.CI.0000.RON.N.Z,M,RO,L,L40,CI,0000,RON,N,Z,2016-01,3.6,A,F,,,P1M,RO0515DBN0H8 11/04/2005-31/12/2005RO0515DBN0T3 06/06/2005-31/12/2005RO0515DBN119 31/12/2005-presentRO0515DBN143 31/12/2005-present,A,,,,,,,,,2,Ministry of Public FinanceCentral GovernmentOTC marketBasket (#1) no direct adjustmentsgross of taxredemption yield formula,,Long-term interest rate for convergence purposes - Romanian leu,"Romania, Long-term interest rate for convergence purposes - Unspecified rate type, Debt security issued, 10 years maturity, New business coverage, denominated in Romanian leu - Unspecified counterpart sector",PC,0
IRS.M.RO.L.L40.CI.0000.RON.N.Z,M,RO,L,L40,CI,0000,RON,N,Z,2016-02,3.33,A,F,,,P1M,RO0515DBN0H8 11/04/2005-31/12/2005RO0515DBN0T3 06/06/2005-31/12/2005RO0515DBN119 31/12/2005-presentRO0515DBN143 31/12/2005-present,A,,,,,,,,,2,Ministry of Public FinanceCentral GovernmentOTC marketBasket (#1) no direct adjustmentsgross of taxredemption yield formula,,Long-term interest rate for convergence purposes - Romanian leu,"Romania, Long-term interest rate for convergence purposes - Unspecified rate type, Debt security issued, 10 years maturity, New business coverage, denominated in Romanian leu - Unspecified counterpart sector",PC,0
IRS.M.RO.L.L40.CI.0000.RON.N.Z,M,RO,L,L40,CI,0000,RON,N,Z,2016-03,3.34,A,F,,,P1M,RO0515DBN0H8 11/04/2005-31/12/2005RO0515DBN0T3 06/06/2005-31/12/2005RO0515DBN119 31/12/2005-presentRO0515DBN143 31/12/2005-present,A,,,,,,,,,2,Ministry of Public FinanceCentral GovernmentOTC marketBasket (#1) no direct adjustmentsgross of taxredemption yield formula,,Long-term interest rate for convergence purposes - Romanian leu,"Romania, Long-term interest rate for convergence purposes - Unspecified rate type, Debt security issued, 10 years maturity, New business coverage, denominated in Romanian leu - Unspecified counterpart sector",PC,0
IRS.M.RO.L.L40.CI.0000.RON.N.Z,M,RO,L,L40,CI,0000,RON,N,Z,2016-04,3.43,A,F,,,P1M,RO0515DBN0H8 11/04/2005-31/12/2005RO0515DBN0T3 06/06/2005-31/12/2005RO0515DBN119 31/12/2005-presentRO0515DBN143 31/12/2005-present,A,,,,,,,,,2,Ministry of Public FinanceCentral GovernmentOTC marketBasket (#1) no direct adjustmentsgross of taxredemption yield formula,,Long-term interest rate for convergence purposes - Romanian leu,"Romania, Long-term interest rate for convergence purposes - Unspecified rate type, Debt security issued, 10 years maturity, New business coverage, denominated in Romanian leu - Unspecified counterpart sector",PC,0
IRS.M.RO.L.L40.CI.0000.RON.N.Z,M,RO,L,L40,CI,0000,RON,N,Z,2016-05,3.43,A,F,,,P1M,RO0515DBN0H8 11/04/2005-31/12/2005RO0515DBN0T3 06/06/2005-31/12/2005RO0515DBN119 31/12/2005-presentRO0515DBN143 31/12/2005-present,A,,,,,,,,,2,Ministry of Public FinanceCentral GovernmentOTC marketBasket (#1) no direct adjustmentsgross of taxredemption yield formula,,Long-term interest rate for convergence purposes - Romanian leu,"Romania, Long-term interest rate for convergence purposes - Unspecified rate type, Debt security issued, 10 years maturity, New business coverage, denominated in Romanian leu - Unspecified counterpart sector",PC,0
IRS.M.RO.L.L40.CI.0000.RON.N.Z,M,RO,L,L40,CI,0000,RON,N,Z,2016-06,3.48,A,F,,,P1M,RO0515DBN0H8 11/04/2005-31/12/2005RO0515DBN0T3 06/06/2005-31/12/2005RO0515DBN119 31/12/2005-presentRO0515DBN143 31/12/2005-present,A,,,,,,,,,2,Ministry of Public FinanceCentral GovernmentOTC marketBasket (#1) no direct adjustmentsgross of taxredemption yield formula,,Long-term interest rate for convergence purposes - Romanian leu,"Romania, Long-term interest rate for convergence purposes - Unspecified rate type, Debt security issued, 10 years maturity, New business coverage, denominated in Romanian leu - Unspecified counterpart sector",PC,0
IRS.M.RO.L.L40.CI.0000.RON.N.Z,M,RO,L,L40,CI,0000,RON,N,Z,2016-07,3.14,A,F,,,P1M,RO0515DBN0H8 11/04/2005-31/12/2005RO0515DBN0T3 06/06/2005-31/12/2005RO0515DBN119 31/12/2005-presentRO0515DBN143 31/12/2005-present,A,,,,,,,,,2,Ministry of Public FinanceCentral GovernmentOTC marketBasket (#1) no direct adjustmentsgross of taxredemption yield formula,,Long-term interest rate for convergence purposes - Romanian leu,"Romania, Long-term interest rate for convergence purposes - Unspecified rate type, Debt security issued, 10 years maturity, New business coverage, denominated in Romanian leu - Unspecified counterpart sector",PC,0
IRS.M.RO.L.L40.CI.0000.RON.N.Z,M,RO,L,L40,CI,0000,RON,N,Z,2016-08,2.93,A,F,,,P1M,RO0515DBN0H8 11/04/2005-31/12/2005RO0515DBN0T3 06/06/2005-31/12/2005RO0515DBN119 31/12/2005-presentRO0515DBN143 31/12/2005-present,A,,,,,,,,,2,Ministry of Public FinanceCentral GovernmentOTC marketBasket (#1) no direct adjustmentsgross of taxredemption yield formula,,Long-term interest rate for convergence purposes - Romanian leu,"Romania, Long-term interest rate for convergence purposes - Unspecified rate type, Debt security issued, 10 years maturity, New business coverage, denominated in Romanian leu - Unspecified counterpart sector",PC,0
IRS.M.RO.L.L40.CI.0000.RON.N.Z,M,RO,L,L40,CI,0000,RON,N,Z,2016-09,2.92,A,F,,,P1M,RO0515DBN0H8 11/04/2005-31/12/2005RO0515DBN0T3 06/06/2005-31/12/2005RO0515DBN119 31/12/2005-presentRO0515DBN143 31/12/2005-present,A,,,,,,,,,2,Ministry of Public FinanceCentral GovernmentOTC marketBasket (#1) no direct adjustmentsgross of taxredemption yield formula,,Long-term interest rate for convergence purposes - Romanian leu,"Romania, Long-term interest rate for convergence purposes - Unspecified rate type, Debt security issued, 10 years maturity, New business coverage, denominated in Romanian leu - Unspecified counterpart sector",PC,0
IRS.M.RO.L.L40.CI.0000.RON.N.Z,M,RO,L,L40,CI,0000,RON,N,Z,2016-10,2.94,A,F,,,P1M,RO0515DBN0H8 11/04/2005-31/12/2005RO0515DBN0T3 06/06/2005-31/12/2005RO0515DBN119 31/12/2005-presentRO0515DBN143 31/12/2005-present,A,,,,,,,,,2,Ministry of Public FinanceCentral GovernmentOTC marketBasket (#1) no direct adjustmentsgross of taxredemption yield formula,,Long-term interest rate for convergence purposes - Romanian leu,"Romania, Long-term interest rate for convergence purposes - Unspecified rate type, Debt security issued, 10 years maturity, New business coverage, denominated in Romanian leu - Unspecified counterpart sector",PC,0
IRS.M.RO.L.L40.CI.0000.RON.N.Z,M,RO,L,L40,CI,0000,RON,N,Z,2016-11,3.56,A,F,,,P1M,RO0515DBN0H8 11/04/2005-31/12/2005RO0515DBN0T3 06/06/2005-31/12/2005RO0515DBN119 31/12/2005-presentRO0515DBN143 31/12/2005-present,A,,,,,,,,,2,Ministry of Public FinanceCentral GovernmentOTC marketBasket (#1) no direct adjustmentsgross of taxredemption yield formula,,Long-term interest rate for convergence purposes - Romanian leu,"Romania, Long-term interest rate for convergence purposes - Unspecified rate type, Debt security issued, 10 years maturity, New business coverage, denominated in Romanian leu - Unspecified counterpart sector",PC,0
IRS.M.RO.L.L40.CI.0000.RON.N.Z,M,RO,L,L40,CI,0000,RON,N,Z,2016-12,3.73,A,F,,,P1M,RO0515DBN0H8 11/04/2005-31/12/2005RO0515DBN0T3 06/06/2005-31/12/2005RO0515DBN119 31/12/2005-presentRO0515DBN143 31/12/2005-present,A,,,,,,,,,2,Ministry of Public FinanceCentral GovernmentOTC marketBasket (#1) no direct adjustmentsgross of taxredemption yield formula,,Long-term interest rate for convergence purposes - Romanian leu,"Romania, Long-term interest rate for convergence purposes - Unspecified rate type, Debt security issued, 10 years maturity, New business coverage, denominated in Romanian leu - Unspecified counterpart sector",PC,0
IRS.M.RO.L.L40.CI.0000.RON.N.Z,M,RO,L,L40,CI,0000,RON,N,Z,2017-01,3.75,A,F,,,P1M,RO0515DBN0H8 11/04/2005-31/12/2005RO0515DBN0T3 06/06/2005-31/12/2005RO0515DBN119 31/12/2005-presentRO0515DBN143 31/12/2005-present,A,,,,,,,,,2,Ministry of Public FinanceCentral GovernmentOTC marketBasket (#1) no direct adjustmentsgross of taxredemption yield formula,,Long-term interest rate for convergence purposes - Romanian leu,"Romania, Long-term interest rate for convergence purposes - Unspecified rate type, Debt security issued, 10 years maturity, New business coverage, denominated in Romanian leu - Unspecified counterpart sector",PC,0
IRS.M.RO.L.L40.CI.0000.RON.N.Z,M,RO,L,L40,CI,0000,RON,N,Z,2017-02,3.96,A,F,,,P1M,RO0515DBN0H8 11/04/2005-31/12/2005RO0515DBN0T3 06/06/2005-31/12/2005RO0515DBN119 31/12/2005-presentRO0515DBN143 31/12/2005-present,A,,,,,,,,,2,Ministry of Public FinanceCentral GovernmentOTC marketBasket (#1) no direct adjustmentsgross of taxredemption yield formula,,Long-term interest rate for convergence purposes - Romanian leu,"Romania, Long-term interest rate for convergence purposes - Unspecified rate type, Debt security issued, 10 years maturity, New business coverage, denominated in Romanian leu - Unspecified counterpart sector",PC,0
IRS.M.RO.L.L40.CI.0000.RON.N.Z,M,RO,L,L40,CI,0000,RON,N,Z,2017-03,3.99,A,F,,,P1M,RO0515DBN0H8 11/04/2005-31/12/2005RO0515DBN0T3 06/06/2005-31/12/2005RO0515DBN119 31/12/2005-presentRO0515DBN143 31/12/2005-present,A,,,,,,,,,2,Ministry of Public FinanceCentral GovernmentOTC marketBasket (#1) no direct adjustmentsgross of taxredemption yield formula,,Long-term interest rate for convergence purposes - Romanian leu,"Romania, Long-term interest rate for convergence purposes - Unspecified rate type, Debt security issued, 10 years maturity, New business coverage, denominated in Romanian leu - Unspecified counterpart sector",PC,0
IRS.M.RO.L.L40.CI.0000.RON.N.Z,M,RO,L,L40,CI,0000,RON,N,Z,2017-04,3.79,A,F,,,P1M,RO0515DBN0H8 11/04/2005-31/12/2005RO0515DBN0T3 06/06/2005-31/12/2005RO0515DBN119 31/12/2005-presentRO0515DBN143 31/12/2005-present,A,,,,,,,,,2,Ministry of Public FinanceCentral GovernmentOTC marketBasket (#1) no direct adjustmentsgross of taxredemption yield formula,,Long-term interest rate for convergence purposes - Romanian leu,"Romania, Long-term interest rate for convergence purposes - Unspecified rate type, Debt security issued, 10 years maturity, New business coverage, denominated in Romanian leu - Unspecified counterpart sector",PC,0
IRS.M.RO.L.L40.CI.0000.RON.N.Z,M,RO,L,L40,CI,0000,RON,N,Z,2017-05,3.75,A,F,,,P1M,RO0515DBN0H8 11/04/2005-31/12/2005RO0515DBN0T3 06/06/2005-31/12/2005RO0515DBN119 31/12/2005-presentRO0515DBN143 31/12/2005-present,A,,,,,,,,,2,Ministry of Public FinanceCentral GovernmentOTC marketBasket (#1) no direct adjustmentsgross of taxredemption yield formula,,Long-term interest rate for convergence purposes - Romanian leu,"Romania, Long-term interest rate for convergence purposes - Unspecified rate type, Debt security issued, 10 years maturity, New business coverage, denominated in Romanian leu - Unspecified counterpart sector",PC,0
IRS.M.RO.L.L40.CI.0000.RON.N.Z,M,RO,L,L40,CI,0000,RON,N,Z,2017-06,3.67,A,F,,,P1M,RO0515DBN0H8 11/04/2005-31/12/2005RO0515DBN0T3 06/06/2005-31/12/2005RO0515DBN119 31/12/2005-presentRO0515DBN143 31/12/2005-present,A,,,,,,,,,2,Ministry of Public FinanceCentral GovernmentOTC marketBasket (#1) no direct adjustmentsgross of taxredemption yield formula,,Long-term interest rate for convergence purposes - Romanian leu,"Romania, Long-term interest rate for convergence purposes - Unspecified rate type, Debt security issued, 10 years maturity, New business coverage, denominated in Romanian leu - Unspecified counterpart sector",PC,0
IRS.M.RO.L.L40.CI.0000.RON.N.Z,M,RO,L,L40,CI,0000,RON,N,Z,2017-07,3.84,A,F,,,P1M,RO0515DBN0H8 11/04/2005-31/12/2005RO0515DBN0T3 06/06/2005-31/12/2005RO0515DBN119 31/12/2005-presentRO0515DBN143 31/12/2005-present,A,,,,,,,,,2,Ministry of Public FinanceCentral GovernmentOTC marketBasket (#1) no direct adjustmentsgross of taxredemption yield formula,,Long-term interest rate for convergence purposes - Romanian leu,"Romania, Long-term interest rate for convergence purposes - Unspecified rate type, Debt security issued, 10 years maturity, New business coverage, denominated in Romanian leu - Unspecified counterpart sector",PC,0
IRS.M.RO.L.L40.CI.0000.RON.N.Z,M,RO,L,L40,CI,0000,RON,N,Z,2017-08,3.86,A,F,,,P1M,RO0515DBN0H8 11/04/2005-31/12/2005RO0515DBN0T3 06/06/2005-31/12/2005RO0515DBN119 31/12/2005-presentRO0515DBN143 31/12/2005-present,A,,,,,,,,,2,Ministry of Public FinanceCentral GovernmentOTC marketBasket (#1) no direct adjustmentsgross of taxredemption yield formula,,Long-term interest rate for convergence purposes - Romanian leu,"Romania, Long-term interest rate for convergence purposes - Unspecified rate type, Debt security issued, 10 years maturity, New business coverage, denominated in Romanian leu - Unspecified counterpart sector",PC,0
IRS.M.RO.L.L40.CI.0000.RON.N.Z,M,RO,L,L40,CI,0000,RON,N,Z,2017-09,3.89,A,F,,,P1M,RO0515DBN0H8 11/04/2005-31/12/2005RO0515DBN0T3 06/06/2005-31/12/2005RO0515DBN119 31/12/2005-presentRO0515DBN143 31/12/2005-present,A,,,,,,,,,2,Ministry of Public FinanceCentral GovernmentOTC marketBasket (#1) no direct adjustmentsgross of taxredemption yield formula,,Long-term interest rate for convergence purposes - Romanian leu,"Romania, Long-term interest rate for convergence purposes - Unspecified rate type, Debt security issued, 10 years maturity, New business coverage, denominated in Romanian leu - Unspecified counterpart sector",PC,0
IRS.M.RO.L.L40.CI.0000.RON.N.Z,M,RO,L,L40,CI,0000,RON,N,Z,2017-10,4.17,A,F,,,P1M,RO0515DBN0H8 11/04/2005-31/12/2005RO0515DBN0T3 06/06/2005-31/12/2005RO0515DBN119 31/12/2005-presentRO0515DBN143 31/12/2005-present,A,,,,,,,,,2,Ministry of Public FinanceCentral GovernmentOTC marketBasket (#1) no direct adjustmentsgross of taxredemption yield formula,,Long-term interest rate for convergence purposes - Romanian leu,"Romania, Long-term interest rate for convergence purposes - Unspecified rate type, Debt security issued, 10 years maturity, New business coverage, denominated in Romanian leu - Unspecified counterpart sector",PC,0
IRS.M.RO.L.L40.CI.0000.RON.N.Z,M,RO,L,L40,CI,0000,RON,N,Z,2017-11,4.43,A,F,,,P1M,RO0515DBN0H8 11/04/2005-31/12/2005RO0515DBN0T3 06/06/2005-31/12/2005RO0515DBN119 31/12/2005-presentRO0515DBN143 31/12/2005-present,A,,,,,,,,,2,Ministry of Public FinanceCentral GovernmentOTC marketBasket (#1) no direct adjustmentsgross of taxredemption yield formula,,Long-term interest rate for convergence purposes - Romanian leu,"Romania, Long-term interest rate for convergence purposes - Unspecified rate type, Debt security issued, 10 years maturity, New business coverage, denominated in Romanian leu - Unspecified counterpart sector",PC,0
IRS.M.RO.L.L40.CI.0000.RON.N.Z,M,RO,L,L40,CI,0000,RON,N,Z,2017-12,4.4,A,F,,,P1M,RO0515DBN0H8 11/04/2005-31/12/2005RO0515DBN0T3 06/06/2005-31/12/2005RO0515DBN119 31/12/2005-presentRO0515DBN143 31/12/2005-present,A,,,,,,,,,2,Ministry of Public FinanceCentral GovernmentOTC marketBasket (#1) no direct adjustmentsgross of taxredemption yield formula,,Long-term interest rate for convergence purposes - Romanian leu,"Romania, Long-term interest rate for convergence purposes - Unspecified rate type, Debt security issued, 10 years maturity, New business coverage, denominated in Romanian leu - Unspecified counterpart sector",PC,0
IRS.M.RO.L.L40.CI.0000.RON.N.Z,M,RO,L,L40,CI,0000,RON,N,Z,2018-01,4.24,A,F,,,P1M,RO0515DBN0H8 11/04/2005-31/12/2005RO0515DBN0T3 06/06/2005-31/12/2005RO0515DBN119 31/12/2005-presentRO0515DBN143 31/12/2005-present,A,,,,,,,,,2,Ministry of Public FinanceCentral GovernmentOTC marketBasket (#1) no direct adjustmentsgross of taxredemption yield formula,,Long-term interest rate for convergence purposes - Romanian leu,"Romania, Long-term interest rate for convergence purposes - Unspecified rate type, Debt security issued, 10 years maturity, New business coverage, denominated in Romanian leu - Unspecified counterpart sector",PC,0
IRS.M.RO.L.L40.CI.0000.RON.N.Z,M,RO,L,L40,CI,0000,RON,N,Z,2018-02,4.49,A,F,,,P1M,RO0515DBN0H8 11/04/2005-31/12/2005RO0515DBN0T3 06/06/2005-31/12/2005RO0515DBN119 31/12/2005-presentRO0515DBN143 31/12/2005-present,A,,,,,,,,,2,Ministry of Public FinanceCentral GovernmentOTC marketBasket (#1) no direct adjustmentsgross of taxredemption yield formula,,Long-term interest rate for convergence purposes - Romanian leu,"Romania, Long-term interest rate for convergence purposes - Unspecified rate type, Debt security issued, 10 years maturity, New business coverage, denominated in Romanian leu - Unspecified counterpart sector",PC,0
IRS.M.RO.L.L40.CI.0000.RON.N.Z,M,RO,L,L40,CI,0000,RON,N,Z,2018-03,4.53,A,F,,,P1M,RO0515DBN0H8 11/04/2005-31/12/2005RO0515DBN0T3 06/06/2005-31/12/2005RO0515DBN119 31/12/2005-presentRO0515DBN143 31/12/2005-present,A,,,,,,,,,2,Ministry of Public FinanceCentral GovernmentOTC marketBasket (#1) no direct adjustmentsgross of taxredemption yield formula,,Long-term interest rate for convergence purposes - Romanian leu,"Romania, Long-term interest rate for convergence purposes - Unspecified rate type, Debt security issued, 10 years maturity, New business coverage, denominated in Romanian leu - Unspecified counterpart sector",PC,0
IRS.M.RO.L.L40.CI.0000.RON.N.Z,M,RO,L,L40,CI,0000,RON,N,Z,2018-04,4.46,A,F,,,P1M,RO0515DBN0H8 11/04/2005-31/12/2005RO0515DBN0T3 06/06/2005-31/12/2005RO0515DBN119 31/12/2005-presentRO0515DBN143 31/12/2005-present,A,,,,,,,,,2,Ministry of Public FinanceCentral GovernmentOTC marketBasket (#1) no direct adjustmentsgross of taxredemption yield formula,,Long-term interest rate for convergence purposes - Romanian leu,"Romania, Long-term interest rate for convergence purposes - Unspecified rate type, Debt security issued, 10 years maturity, New business coverage, denominated in Romanian leu - Unspecified counterpart sector",PC,0
IRS.M.RO.L.L40.CI.0000.RON.N.Z,M,RO,L,L40,CI,0000,RON,N,Z,2018-05,4.69,A,F,,,P1M,RO0515DBN0H8 11/04/2005-31/12/2005RO0515DBN0T3 06/06/2005-31/12/2005RO0515DBN119 31/12/2005-presentRO0515DBN143 31/12/2005-present,A,,,,,,,,,2,Ministry of Public FinanceCentral GovernmentOTC marketBasket (#1) no direct adjustmentsgross of taxredemption yield formula,,Long-term interest rate for convergence purposes - Romanian leu,"Romania, Long-term interest rate for convergence purposes - Unspecified rate type, Debt security issued, 10 years maturity, New business coverage, denominated in Romanian leu - Unspecified counterpart sector",PC,0
IRS.M.RO.L.L40.CI.0000.RON.N.Z,M,RO,L,L40,CI,0000,RON,N,Z,2018-06,4.95,A,F,,,P1M,RO0515DBN0H8 11/04/2005-31/12/2005RO0515DBN0T3 06/06/2005-31/12/2005RO0515DBN119 31/12/2005-presentRO0515DBN143 31/12/2005-present,A,,,,,,,,,2,Ministry of Public FinanceCentral GovernmentOTC marketBasket (#1) no direct adjustmentsgross of taxredemption yield formula,,Long-term interest rate for convergence purposes - Romanian leu,"Romania, Long-term interest rate for convergence purposes - Unspecified rate type, Debt security issued, 10 years maturity, New business coverage, denominated in Romanian leu - Unspecified counterpart sector",PC,0
IRS.M.RO.L.L40.CI.0000.RON.N.Z,M,RO,L,L40,CI,0000,RON,N,Z,2018-07,5.05,A,F,,,P1M,RO0515DBN0H8 11/04/2005-31/12/2005RO0515DBN0T3 06/06/2005-31/12/2005RO0515DBN119 31/12/2005-presentRO0515DBN143 31/12/2005-present,A,,,,,,,,,2,Ministry of Public FinanceCentral GovernmentOTC marketBasket (#1) no direct adjustmentsgross of taxredemption yield formula,,Long-term interest rate for convergence purposes - Romanian leu,"Romania, Long-term interest rate for convergence purposes - Unspecified rate type, Debt security issued, 10 years maturity, New business coverage, denominated in Romanian leu - Unspecified counterpart sector",PC,0
IRS.M.RO.L.L40.CI.0000.RON.N.Z,M,RO,L,L40,CI,0000,RON,N,Z,2018-08,4.8,A,F,,,P1M,RO0515DBN0H8 11/04/2005-31/12/2005RO0515DBN0T3 06/06/2005-31/12/2005RO0515DBN119 31/12/2005-presentRO0515DBN143 31/12/2005-present,A,,,,,,,,,2,Ministry of Public FinanceCentral GovernmentOTC marketBasket (#1) no direct adjustmentsgross of taxredemption yield formula,,Long-term interest rate for convergence purposes - Romanian leu,"Romania, Long-term interest rate for convergence purposes - Unspecified rate type, Debt security issued, 10 years maturity, New business coverage, denominated in Romanian leu - Unspecified counterpart sector",PC,0
IRS.M.RO.L.L40.CI.0000.RON.N.Z,M,RO,L,L40,CI,0000,RON,N,Z,2018-09,4.75,A,F,,,P1M,RO0515DBN0H8 11/04/2005-31/12/2005RO0515DBN0T3 06/06/2005-31/12/2005RO0515DBN119 31/12/2005-presentRO0515DBN143 31/12/2005-present,A,,,,,,,,,2,Ministry of Public FinanceCentral GovernmentOTC marketBasket (#1) no direct adjustmentsgross of taxredemption yield formula,,Long-term interest rate for convergence purposes - Romanian leu,"Romania, Long-term interest rate for convergence purposes - Unspecified rate type, Debt security issued, 10 years maturity, New business coverage, denominated in Romanian leu - Unspecified counterpart sector",PC,0
IRS.M.RO.L.L40.CI.0000.RON.N.Z,M,RO,L,L40,CI,0000,RON,N,Z,2018-10,4.9,A,F,,,P1M,RO0515DBN0H8 11/04/2005-31/12/2005RO0515DBN0T3 06/06/2005-31/12/2005RO0515DBN119 31/12/2005-presentRO0515DBN143 31/12/2005-present,A,,,,,,,,,2,Ministry of Public FinanceCentral GovernmentOTC marketBasket (#1) no direct adjustmentsgross of taxredemption yield formula,,Long-term interest rate for convergence purposes - Romanian leu,"Romania, Long-term interest rate for convergence purposes - Unspecified rate type, Debt security issued, 10 years maturity, New business coverage, denominated in Romanian leu - Unspecified counterpart sector",PC,0
IRS.M.RO.L.L40.CI.0000.RON.N.Z,M,RO,L,L40,CI,0000,RON,N,Z,2018-11,4.78,A,F,,,P1M,RO0515DBN0H8 11/04/2005-31/12/2005RO0515DBN0T3 06/06/2005-31/12/2005RO0515DBN119 31/12/2005-presentRO0515DBN143 31/12/2005-present,A,,,,,,,,,2,Ministry of Public FinanceCentral GovernmentOTC marketBasket (#1) no direct adjustmentsgross of taxredemption yield formula,,Long-term interest rate for convergence purposes - Romanian leu,"Romania, Long-term interest rate for convergence purposes - Unspecified rate type, Debt security issued, 10 years maturity, New business coverage, denominated in Romanian leu - Unspecified counterpart sector",PC,0
IRS.M.RO.L.L40.CI.0000.RON.N.Z,M,RO,L,L40,CI,0000,RON,N,Z,2018-12,4.6,A,F,,,P1M,RO0515DBN0H8 11/04/2005-31/12/2005RO0515DBN0T3 06/06/2005-31/12/2005RO0515DBN119 31/12/2005-presentRO0515DBN143 31/12/2005-present,A,,,,,,,,,2,Ministry of Public FinanceCentral GovernmentOTC marketBasket (#1) no direct adjustmentsgross of taxredemption yield formula,,Long-term interest rate for convergence purposes - Romanian leu,"Romania, Long-term interest rate for convergence purposes - Unspecified rate type, Debt security issued, 10 years maturity, New business coverage, denominated in Romanian leu - Unspecified counterpart sector",PC,0
IRS.M.RO.L.L40.CI.0000.RON.N.Z,M,RO,L,L40,CI,0000,RON,N,Z,2019-01,4.69,A,F,,,P1M,RO0515DBN0H8 11/04/2005-31/12/2005RO0515DBN0T3 06/06/2005-31/12/2005RO0515DBN119 31/12/2005-presentRO0515DBN143 31/12/2005-present,A,,,,,,,,,2,Ministry of Public FinanceCentral GovernmentOTC marketBasket (#1) no direct adjustmentsgross of taxredemption yield formula,,Long-term interest rate for convergence purposes - Romanian leu,"Romania, Long-term interest rate for convergence purposes - Unspecified rate type, Debt security issued, 10 years maturity, New business coverage, denominated in Romanian leu - Unspecified counterpart sector",PC,0
IRS.M.RO.L.L40.CI.0000.RON.N.Z,M,RO,L,L40,CI,0000,RON,N,Z,2019-02,4.79,A,F,,,P1M,RO0515DBN0H8 11/04/2005-31/12/2005RO0515DBN0T3 06/06/2005-31/12/2005RO0515DBN119 31/12/2005-presentRO0515DBN143 31/12/2005-present,A,,,,,,,,,2,Ministry of Public FinanceCentral GovernmentOTC marketBasket (#1) no direct adjustmentsgross of taxredemption yield formula,,Long-term interest rate for convergence purposes - Romanian leu,"Romania, Long-term interest rate for convergence purposes - Unspecified rate type, Debt security issued, 10 years maturity, New business coverage, denominated in Romanian leu - Unspecified counterpart sector",PC,0
IRS.M.RO.L.L40.CI.0000.RON.N.Z,M,RO,L,L40,CI,0000,RON,N,Z,2019-03,4.8,A,F,,,P1M,RO0515DBN0H8 11/04/2005-31/12/2005RO0515DBN0T3 06/06/2005-31/12/2005RO0515DBN119 31/12/2005-presentRO0515DBN143 31/12/2005-present,A,,,,,,,,,2,Ministry of Public FinanceCentral GovernmentOTC marketBasket (#1) no direct adjustmentsgross of taxredemption yield formula,,Long-term interest rate for convergence purposes - Romanian leu,"Romania, Long-term interest rate for convergence purposes - Unspecified rate type, Debt security issued, 10 years maturity, New business coverage, denominated in Romanian leu - Unspecified counterpart sector",PC,0
IRS.M.RO.L.L40.CI.0000.RON.N.Z,M,RO,L,L40,CI,0000,RON,N,Z,2019-04,4.91,A,F,,,P1M,RO0515DBN0H8 11/04/2005-31/12/2005RO0515DBN0T3 06/06/2005-31/12/2005RO0515DBN119 31/12/2005-presentRO0515DBN143 31/12/2005-present,A,,,,,,,,,2,Ministry of Public FinanceCentral GovernmentOTC marketBasket (#1) no direct adjustmentsgross of taxredemption yield formula,,Long-term interest rate for convergence purposes - Romanian leu,"Romania, Long-term interest rate for convergence purposes - Unspecified rate type, Debt security issued, 10 years maturity, New business coverage, denominated in Romanian leu - Unspecified counterpart sector",PC,0
IRS.M.RO.L.L40.CI.0000.RON.N.Z,M,RO,L,L40,CI,0000,RON,N,Z,2019-05,4.93,A,F,,,P1M,RO0515DBN0H8 11/04/2005-31/12/2005RO0515DBN0T3 06/06/2005-31/12/2005RO0515DBN119 31/12/2005-presentRO0515DBN143 31/12/2005-present,A,,,,,,,,,2,Ministry of Public FinanceCentral GovernmentOTC marketBasket (#1) no direct adjustmentsgross of taxredemption yield formula,,Long-term interest rate for convergence purposes - Romanian leu,"Romania, Long-term interest rate for convergence purposes - Unspecified rate type, Debt security issued, 10 years maturity, New business coverage, denominated in Romanian leu - Unspecified counterpart sector",PC,0
IRS.M.RO.L.L40.CI.0000.RON.N.Z,M,RO,L,L40,CI,0000,RON,N,Z,2019-06,4.59,A,F,,,P1M,RO0515DBN0H8 11/04/2005-31/12/2005RO0515DBN0T3 06/06/2005-31/12/2005RO0515DBN119 31/12/2005-presentRO0515DBN143 31/12/2005-present,A,,,,,,,,,2,Ministry of Public FinanceCentral GovernmentOTC marketBasket (#1) no direct adjustmentsgross of taxredemption yield formula,,Long-term interest rate for convergence purposes - Romanian leu,"Romania, Long-term interest rate for convergence purposes - Unspecified rate type, Debt security issued, 10 years maturity, New business coverage, denominated in Romanian leu - Unspecified counterpart sector",PC,0
IRS.M.RO.L.L40.CI.0000.RON.N.Z,M,RO,L,L40,CI,0000,RON,N,Z,2019-07,4.51,A,F,,,P1M,RO0515DBN0H8 11/04/2005-31/12/2005RO0515DBN0T3 06/06/2005-31/12/2005RO0515DBN119 31/12/2005-presentRO0515DBN143 31/12/2005-present,A,,,,,,,,,2,Ministry of Public FinanceCentral GovernmentOTC marketBasket (#1) no direct adjustmentsgross of taxredemption yield formula,,Long-term interest rate for convergence purposes - Romanian leu,"Romania, Long-term interest rate for convergence purposes - Unspecified rate type, Debt security issued, 10 years maturity, New business coverage, denominated in Romanian leu - Unspecified counterpart sector",PC,0
IRS.M.RO.L.L40.CI.0000.RON.N.Z,M,RO,L,L40,CI,0000,RON,N,Z,2019-08,4.12,A,F,,,P1M,RO0515DBN0H8 11/04/2005-31/12/2005RO0515DBN0T3 06/06/2005-31/12/2005RO0515DBN119 31/12/2005-presentRO0515DBN143 31/12/2005-present,A,,,,,,,,,2,Ministry of Public FinanceCentral GovernmentOTC marketBasket (#1) no direct adjustmentsgross of taxredemption yield formula,,Long-term interest rate for convergence purposes - Romanian leu,"Romania, Long-term interest rate for convergence purposes - Unspecified rate type, Debt security issued, 10 years maturity, New business coverage, denominated in Romanian leu - Unspecified counterpart sector",PC,0
IRS.M.RO.L.L40.CI.0000.RON.N.Z,M,RO,L,L40,CI,0000,RON,N,Z,2019-09,4.12,A,F,,,P1M,RO0515DBN0H8 11/04/2005-31/12/2005RO0515DBN0T3 06/06/2005-31/12/2005RO0515DBN119 31/12/2005-presentRO0515DBN143 31/12/2005-present,A,,,,,,,,,2,Ministry of Public FinanceCentral GovernmentOTC marketBasket (#1) no direct adjustmentsgross of taxredemption yield formula,,Long-term interest rate for convergence purposes - Romanian leu,"Romania, Long-term interest rate for convergence purposes - Unspecified rate type, Debt security issued, 10 years maturity, New business coverage, denominated in Romanian leu - Unspecified counterpart sector",PC,0
IRS.M.RO.L.L40.CI.0000.RON.N.Z,M,RO,L,L40,CI,0000,RON,N,Z,2019-10,4.12,A,F,,,P1M,RO0515DBN0H8 11/04/2005-31/12/2005RO0515DBN0T3 06/06/2005-31/12/2005RO0515DBN119 31/12/2005-presentRO0515DBN143 31/12/2005-present,A,,,,,,,,,2,Ministry of Public FinanceCentral GovernmentOTC marketBasket (#1) no direct adjustmentsgross of taxredemption yield formula,,Long-term interest rate for convergence purposes - Romanian leu,"Romania, Long-term interest rate for convergence purposes - Unspecified rate type, Debt security issued, 10 years maturity, New business coverage, denominated in Romanian leu - Unspecified counterpart sector",PC,0
IRS.M.RO.L.L40.CI.0000.RON.N.Z,M,RO,L,L40,CI,0000,RON,N,Z,2019-11,4.32,A,F,,,P1M,RO0515DBN0H8 11/04/2005-31/12/2005RO0515DBN0T3 06/06/2005-31/12/2005RO0515DBN119 31/12/2005-presentRO0515DBN143 31/12/2005-present,A,,,,,,,,,2,Ministry of Public FinanceCentral GovernmentOTC marketBasket (#1) no direct adjustmentsgross of taxredemption yield formula,,Long-term interest rate for convergence purposes - Romanian leu,"Romania, Long-term interest rate for convergence purposes - Unspecified rate type, Debt security issued, 10 years maturity, New business coverage, denominated in Romanian leu - Unspecified counterpart sector",PC,0
IRS.M.RO.L.L40.CI.0000.RON.N.Z,M,RO,L,L40,CI,0000,RON,N,Z,2019-12,4.57,A,F,,,P1M,RO0515DBN0H8 11/04/2005-31/12/2005RO0515DBN0T3 06/06/2005-31/12/2005RO0515DBN119 31/12/2005-presentRO0515DBN143 31/12/2005-present,A,,,,,,,,,2,Ministry of Public FinanceCentral GovernmentOTC marketBasket (#1) no direct adjustmentsgross of taxredemption yield formula,,Long-term interest rate for convergence purposes - Romanian leu,"Romania, Long-term interest rate for convergence purposes - Unspecified rate type, Debt security issued, 10 years maturity, New business coverage, denominated in Romanian leu - Unspecified counterpart sector",PC,0
IRS.M.RO.L.L40.CI.0000.RON.N.Z,M,RO,L,L40,CI,0000,RON,N,Z,2020-01,4.28,A,F,,,P1M,RO0515DBN0H8 11/04/2005-31/12/2005RO0515DBN0T3 06/06/2005-31/12/2005RO0515DBN119 31/12/2005-presentRO0515DBN143 31/12/2005-present,A,,,,,,,,,2,Ministry of Public FinanceCentral GovernmentOTC marketBasket (#1) no direct adjustmentsgross of taxredemption yield formula,,Long-term interest rate for convergence purposes - Romanian leu,"Romania, Long-term interest rate for convergence purposes - Unspecified rate type, Debt security issued, 10 years maturity, New business coverage, denominated in Romanian leu - Unspecified counterpart sector",PC,0
IRS.M.RO.L.L40.CI.0000.RON.N.Z,M,RO,L,L40,CI,0000,RON,N,Z,2020-02,4.04,A,F,,,P1M,RO0515DBN0H8 11/04/2005-31/12/2005RO0515DBN0T3 06/06/2005-31/12/2005RO0515DBN119 31/12/2005-presentRO0515DBN143 31/12/2005-present,A,,,,,,,,,2,Ministry of Public FinanceCentral GovernmentOTC marketBasket (#1) no direct adjustmentsgross of taxredemption yield formula,,Long-term interest rate for convergence purposes - Romanian leu,"Romania, Long-term interest rate for convergence purposes - Unspecified rate type, Debt security issued, 10 years maturity, New business coverage, denominated in Romanian leu - Unspecified counterpart sector",PC,0
IRS.M.RO.L.L40.CI.0000.RON.N.Z,M,RO,L,L40,CI,0000,RON,N,Z,2020-03,4.56,A,F,,,P1M,RO0515DBN0H8 11/04/2005-31/12/2005RO0515DBN0T3 06/06/2005-31/12/2005RO0515DBN119 31/12/2005-presentRO0515DBN143 31/12/2005-present,A,,,,,,,,,2,Ministry of Public FinanceCentral GovernmentOTC marketBasket (#1) no direct adjustmentsgross of taxredemption yield formula,,Long-term interest rate for convergence purposes - Romanian leu,"Romania, Long-term interest rate for convergence purposes - Unspecified rate type, Debt security issued, 10 years maturity, New business coverage, denominated in Romanian leu - Unspecified counterpart sector",PC,0
IRS.M.RO.L.L40.CI.0000.RON.N.Z,M,RO,L,L40,CI,0000,RON,N,Z,2020-04,4.83,A,F,,,P1M,RO0515DBN0H8 11/04/2005-31/12/2005RO0515DBN0T3 06/06/2005-31/12/2005RO0515DBN119 31/12/2005-presentRO0515DBN143 31/12/2005-present,A,,,,,,,,,2,Ministry of Public FinanceCentral GovernmentOTC marketBasket (#1) no direct adjustmentsgross of taxredemption yield formula,,Long-term interest rate for convergence purposes - Romanian leu,"Romania, Long-term interest rate for convergence purposes - Unspecified rate type, Debt security issued, 10 years maturity, New business coverage, denominated in Romanian leu - Unspecified counterpart sector",PC,0
IRS.M.RO.L.L40.CI.0000.RON.N.Z,M,RO,L,L40,CI,0000,RON,N,Z,2020-05,4.54,A,F,,,P1M,RO0515DBN0H8 11/04/2005-31/12/2005RO0515DBN0T3 06/06/2005-31/12/2005RO0515DBN119 31/12/2005-presentRO0515DBN143 31/12/2005-present,A,,,,,,,,,2,Ministry of Public FinanceCentral GovernmentOTC marketBasket (#1) no direct adjustmentsgross of taxredemption yield formula,,Long-term interest rate for convergence purposes - Romanian leu,"Romania, Long-term interest rate for convergence purposes - Unspecified rate type, Debt security issued, 10 years maturity, New business coverage, denominated in Romanian leu - Unspecified counterpart sector",PC,0
IRS.M.RO.L.L40.CI.0000.RON.N.Z,M,RO,L,L40,CI,0000,RON,N,Z,2020-06,3.89,A,F,,,P1M,RO0515DBN0H8 11/04/2005-31/12/2005RO0515DBN0T3 06/06/2005-31/12/2005RO0515DBN119 31/12/2005-presentRO0515DBN143 31/12/2005-present,A,,,,,,,,,2,Ministry of Public FinanceCentral GovernmentOTC marketBasket (#1) no direct adjustmentsgross of taxredemption yield formula,,Long-term interest rate for convergence purposes - Romanian leu,"Romania, Long-term interest rate for convergence purposes - Unspecified rate type, Debt security issued, 10 years maturity, New business coverage, denominated in Romanian leu - Unspecified counterpart sector",PC,0
IRS.M.RO.L.L40.CI.0000.RON.N.Z,M,RO,L,L40,CI,0000,RON,N,Z,2020-07,3.94,A,F,,,P1M,RO0515DBN0H8 11/04/2005-31/12/2005RO0515DBN0T3 06/06/2005-31/12/2005RO0515DBN119 31/12/2005-presentRO0515DBN143 31/12/2005-present,A,,,,,,,,,2,Ministry of Public FinanceCentral GovernmentOTC marketBasket (#1) no direct adjustmentsgross of taxredemption yield formula,,Long-term interest rate for convergence purposes - Romanian leu,"Romania, Long-term interest rate for convergence purposes - Unspecified rate type, Debt security issued, 10 years maturity, New business coverage, denominated in Romanian leu - Unspecified counterpart sector",PC,0
IRS.M.RO.L.L40.CI.0000.RON.N.Z,M,RO,L,L40,CI,0000,RON,N,Z,2020-08,3.88,A,F,,,P1M,RO0515DBN0H8 11/04/2005-31/12/2005RO0515DBN0T3 06/06/2005-31/12/2005RO0515DBN119 31/12/2005-presentRO0515DBN143 31/12/2005-present,A,,,,,,,,,2,Ministry of Public FinanceCentral GovernmentOTC marketBasket (#1) no direct adjustmentsgross of taxredemption yield formula,,Long-term interest rate for convergence purposes - Romanian leu,"Romania, Long-term interest rate for convergence purposes - Unspecified rate type, Debt security issued, 10 years maturity, New business coverage, denominated in Romanian leu - Unspecified counterpart sector",PC,0
IRS.M.RO.L.L40.CI.0000.RON.N.Z,M,RO,L,L40,CI,0000,RON,N,Z,2020-09,3.49,A,F,,,P1M,RO0515DBN0H8 11/04/2005-31/12/2005RO0515DBN0T3 06/06/2005-31/12/2005RO0515DBN119 31/12/2005-presentRO0515DBN143 31/12/2005-present,A,,,,,,,,,2,Ministry of Public FinanceCentral GovernmentOTC marketBasket (#1) no direct adjustmentsgross of taxredemption yield formula,,Long-term interest rate for convergence purposes - Romanian leu,"Romania, Long-term interest rate for convergence purposes - Unspecified rate type, Debt security issued, 10 years maturity, New business coverage, denominated in Romanian leu - Unspecified counterpart sector",PC,0
IRS.M.RO.L.L40.CI.0000.RON.N.Z,M,RO,L,L40,CI,0000,RON,N,Z,2020-10,3.29,A,F,,,P1M,RO0515DBN0H8 11/04/2005-31/12/2005RO0515DBN0T3 06/06/2005-31/12/2005RO0515DBN119 31/12/2005-presentRO0515DBN143 31/12/2005-present,A,,,,,,,,,2,Ministry of Public FinanceCentral GovernmentOTC marketBasket (#1) no direct adjustmentsgross of taxredemption yield formula,,Long-term interest rate for convergence purposes - Romanian leu,"Romania, Long-term interest rate for convergence purposes - Unspecified rate type, Debt security issued, 10 years maturity, New business coverage, denominated in Romanian leu - Unspecified counterpart sector",PC,0
IRS.M.RO.L.L40.CI.0000.RON.N.Z,M,RO,L,L40,CI,0000,RON,N,Z,2020-11,3.04,A,F,,,P1M,RO0515DBN0H8 11/04/2005-31/12/2005RO0515DBN0T3 06/06/2005-31/12/2005RO0515DBN119 31/12/2005-presentRO0515DBN143 31/12/2005-present,A,,,,,,,,,2,Ministry of Public FinanceCentral GovernmentOTC marketBasket (#1) no direct adjustmentsgross of taxredemption yield formula,,Long-term interest rate for convergence purposes - Romanian leu,"Romania, Long-term interest rate for convergence purposes - Unspecified rate type, Debt security issued, 10 years maturity, New business coverage, denominated in Romanian leu - Unspecified counterpart sector",PC,0
IRS.M.RO.L.L40.CI.0000.RON.N.Z,M,RO,L,L40,CI,0000,RON,N,Z,2020-12,2.94,A,F,,,P1M,RO0515DBN0H8 11/04/2005-31/12/2005RO0515DBN0T3 06/06/2005-31/12/2005RO0515DBN119 31/12/2005-presentRO0515DBN143 31/12/2005-present,A,,,,,,,,,2,Ministry of Public FinanceCentral GovernmentOTC marketBasket (#1) no direct adjustmentsgross of taxredemption yield formula,,Long-term interest rate for convergence purposes - Romanian leu,"Romania, Long-term interest rate for convergence purposes - Unspecified rate type, Debt security issued, 10 years maturity, New business coverage, denominated in Romanian leu - Unspecified counterpart sector",PC,0
IRS.M.RO.L.L40.CI.0000.RON.N.Z,M,RO,L,L40,CI,0000,RON,N,Z,2021-01,2.72,A,F,,Ministry of Public FinanceCentral GovernmentOTC marketBasket (#1) no direct adjustmentsgross of taxredemption yield formula,P1M,RO0515DBN0H8 11/04/2005-31/12/2005RO0515DBN0T3 06/06/2005-31/12/2005RO0515DBN119 31/12/2005-presentRO0515DBN143 31/12/2005-present,A,,,,,,,,,2,Ministry of Public FinanceCentral GovernmentOTC marketBasket (#1) no direct adjustmentsgross of taxredemption yield formula,,Long-term interest rate for convergence purposes - Romanian leu,"Romania, Long-term interest rate for convergence purposes - Unspecified rate type, Debt security issued, 10 years maturity, New business coverage, denominated in Romanian leu - Unspecified counterpart sector",PC,0
IRS.M.RO.L.L40.CI.0000.RON.N.Z,M,RO,L,L40,CI,0000,RON,N,Z,2021-02,2.65,A,F,,Ministry of Public FinanceCentral GovernmentOTC marketBasket (#1) no direct adjustmentsgross of taxredemption yield formula,P1M,RO0515DBN0H8 11/04/2005-31/12/2005RO0515DBN0T3 06/06/2005-31/12/2005RO0515DBN119 31/12/2005-presentRO0515DBN143 31/12/2005-present,A,,,,,,,,,2,Ministry of Public FinanceCentral GovernmentOTC marketBasket (#1) no direct adjustmentsgross of taxredemption yield formula,,Long-term interest rate for convergence purposes - Romanian leu,"Romania, Long-term interest rate for convergence purposes - Unspecified rate type, Debt security issued, 10 years maturity, New business coverage, denominated in Romanian leu - Unspecified counterpart sector",PC,0
IRS.M.RO.L.L40.CI.0000.RON.N.Z,M,RO,L,L40,CI,0000,RON,N,Z,2021-03,2.96,A,F,,Ministry of Public FinanceCentral GovernmentOTC marketBasket (#1) no direct adjustmentsgross of taxredemption yield formula,P1M,RO0515DBN0H8 11/04/2005-31/12/2005RO0515DBN0T3 06/06/2005-31/12/2005RO0515DBN119 31/12/2005-presentRO0515DBN143 31/12/2005-present,A,,,,,,,,,2,Ministry of Public FinanceCentral GovernmentOTC marketBasket (#1) no direct adjustmentsgross of taxredemption yield formula,,Long-term interest rate for convergence purposes - Romanian leu,"Romania, Long-term interest rate for convergence purposes - Unspecified rate type, Debt security issued, 10 years maturity, New business coverage, denominated in Romanian leu - Unspecified counterpart sector",PC,0
IRS.M.RO.L.L40.CI.0000.RON.N.Z,M,RO,L,L40,CI,0000,RON,N,Z,2021-04,2.84,A,F,,Ministry of Public FinanceCentral GovernmentOTC marketBasket (#1) no direct adjustmentsgross of taxredemption yield formula,P1M,RO0515DBN0H8 11/04/2005-31/12/2005RO0515DBN0T3 06/06/2005-31/12/2005RO0515DBN119 31/12/2005-presentRO0515DBN143 31/12/2005-present,A,,,,,,,,,2,Ministry of Public FinanceCentral GovernmentOTC marketBasket (#1) no direct adjustmentsgross of taxredemption yield formula,,Long-term interest rate for convergence purposes - Romanian leu,"Romania, Long-term interest rate for convergence purposes - Unspecified rate type, Debt security issued, 10 years maturity, New business coverage, denominated in Romanian leu - Unspecified counterpart sector",PC,0
IRS.M.RO.L.L40.CI.0000.RON.N.Z,M,RO,L,L40,CI,0000,RON,N,Z,2021-05,3.03,A,F,,Ministry of Public FinanceCentral GovernmentOTC marketBasket (#1) no direct adjustmentsgross of taxredemption yield formula,P1M,RO0515DBN0H8 11/04/2005-31/12/2005RO0515DBN0T3 06/06/2005-31/12/2005RO0515DBN119 31/12/2005-presentRO0515DBN143 31/12/2005-present,A,,,,,,,,,2,Ministry of Public FinanceCentral GovernmentOTC marketBasket (#1) no direct adjustmentsgross of taxredemption yield formula,,Long-term interest rate for convergence purposes - Romanian leu,"Romania, Long-term interest rate for convergence purposes - Unspecified rate type, Debt security issued, 10 years maturity, New business coverage, denominated in Romanian leu - Unspecified counterpart sector",PC,0
IRS.M.RO.L.L40.CI.0000.RON.N.Z,M,RO,L,L40,CI,0000,RON,N,Z,2021-06,3.11,A,F,,Ministry of Public FinanceCentral GovernmentOTC marketBasket (#1) no direct adjustmentsgross of taxredemption yield formula,P1M,RO0515DBN0H8 11/04/2005-31/12/2005RO0515DBN0T3 06/06/2005-31/12/2005RO0515DBN119 31/12/2005-presentRO0515DBN143 31/12/2005-present,A,,,,,,,,,2,Ministry of Public FinanceCentral GovernmentOTC marketBasket (#1) no direct adjustmentsgross of taxredemption yield formula,,Long-term interest rate for convergence purposes - Romanian leu,"Romania, Long-term interest rate for convergence purposes - Unspecified rate type, Debt security issued, 10 years maturity, New business coverage, denominated in Romanian leu - Unspecified counterpart sector",PC,0
IRS.M.RO.L.L40.CI.0000.RON.N.Z,M,RO,L,L40,CI,0000,RON,N,Z,2021-07,3.24,A,F,,Ministry of Public FinanceCentral GovernmentOTC marketBasket (#1) no direct adjustmentsgross of taxredemption yield formula,P1M,RO0515DBN0H8 11/04/2005-31/12/2005RO0515DBN0T3 06/06/2005-31/12/2005RO0515DBN119 31/12/2005-presentRO0515DBN143 31/12/2005-present,A,,,,,,,,,2,Ministry of Public FinanceCentral GovernmentOTC marketBasket (#1) no direct adjustmentsgross of taxredemption yield formula,,Long-term interest rate for convergence purposes - Romanian leu,"Romania, Long-term interest rate for convergence purposes - Unspecified rate type, Debt security issued, 10 years maturity, New business coverage, denominated in Romanian leu - Unspecified counterpart sector",PC,0
IRS.M.RO.L.L40.CI.0000.RON.N.Z,M,RO,L,L40,CI,0000,RON,N,Z,2021-08,3.72,A,F,,Ministry of Public FinanceCentral GovernmentOTC MarketBasket (#1) no direct adjustmentsgross of taxredemption yield formula,P1M,RO0515DBN0H8 11/04/2005-31/12/2005RO0515DBN0T3 06/06/2005-31/12/2005RO0515DBN119 31/12/2005-presentRO0515DBN143 31/12/2005-present,A,,,,,,,,,2,Ministry of Public FinanceCentral GovernmentOTC marketBasket (#1) no direct adjustmentsgross of taxredemption yield formula,,Long-term interest rate for convergence purposes - Romanian leu,"Romania, Long-term interest rate for convergence purposes - Unspecified rate type, Debt security issued, 10 years maturity, New business coverage, denominated in Romanian leu - Unspecified counterpart sector",PC,0
IRS.M.RO.L.L40.CI.0000.RON.N.Z,M,RO,L,L40,CI,0000,RON,N,Z,2021-09,4,A,F,,Ministry of Public FinanceCentral GovernmentOTC MarketBasket (#1) no direct adjustmentsgross of taxredemption yield formula,P1M,RO0515DBN0H8 11/04/2005-31/12/2005RO0515DBN0T3 06/06/2005-31/12/2005RO0515DBN119 31/12/2005-presentRO0515DBN143 31/12/2005-present,A,,,,,,,,,2,Ministry of Public FinanceCentral GovernmentOTC marketBasket (#1) no direct adjustmentsgross of taxredemption yield formula,,Long-term interest rate for convergence purposes - Romanian leu,"Romania, Long-term interest rate for convergence purposes - Unspecified rate type, Debt security issued, 10 years maturity, New business coverage, denominated in Romanian leu - Unspecified counterpart sector",PC,0
IRS.M.RO.L.L40.CI.0000.RON.N.Z,M,RO,L,L40,CI,0000,RON,N,Z,2021-10,4.75,A,F,,Ministry of Public FinanceCentral GovernmentOTC MarketBasket (#1) no direct adjustmentsgross of taxredemption yield formula,P1M,RO0515DBN0H8 11/04/2005-31/12/2005RO0515DBN0T3 06/06/2005-31/12/2005RO0515DBN119 31/12/2005-presentRO0515DBN143 31/12/2005-present,A,,,,,,,,,2,Ministry of Public FinanceCentral GovernmentOTC marketBasket (#1) no direct adjustmentsgross of taxredemption yield formula,,Long-term interest rate for convergence purposes - Romanian leu,"Romania, Long-term interest rate for convergence purposes - Unspecified rate type, Debt security issued, 10 years maturity, New business coverage, denominated in Romanian leu - Unspecified counterpart sector",PC,0
IRS.M.RO.L.L40.CI.0000.RON.N.Z,M,RO,L,L40,CI,0000,RON,N,Z,2021-11,5.11,A,F,,Ministry of Public FinanceCentral GovernmentOTC MarketBasket (#1) no direct adjustmentsgross of taxredemption yield formula,P1M,RO0515DBN0H8 11/04/2005-31/12/2005RO0515DBN0T3 06/06/2005-31/12/2005RO0515DBN119 31/12/2005-presentRO0515DBN143 31/12/2005-present,A,,,,,,,,,2,Ministry of Public FinanceCentral GovernmentOTC marketBasket (#1) no direct adjustmentsgross of taxredemption yield formula,,Long-term interest rate for convergence purposes - Romanian leu,"Romania, Long-term interest rate for convergence purposes - Unspecified rate type, Debt security issued, 10 years maturity, New business coverage, denominated in Romanian leu - Unspecified counterpart sector",PC,0
IRS.M.RO.L.L40.CI.0000.RON.N.Z,M,RO,L,L40,CI,0000,RON,N,Z,2021-12,5.37,A,F,,Ministry of Public FinanceCentral GovernmentOTC MarketBasket (#1) no direct adjustmentsgross of taxredemption yield formula,P1M,RO0515DBN0H8 11/04/2005-31/12/2005RO0515DBN0T3 06/06/2005-31/12/2005RO0515DBN119 31/12/2005-presentRO0515DBN143 31/12/2005-present,A,,,,,,,,,2,Ministry of Public FinanceCentral GovernmentOTC marketBasket (#1) no direct adjustmentsgross of taxredemption yield formula,,Long-term interest rate for convergence purposes - Romanian leu,"Romania, Long-term interest rate for convergence purposes - Unspecified rate type, Debt security issued, 10 years maturity, New business coverage, denominated in Romanian leu - Unspecified counterpart sector",PC,0
IRS.M.RO.L.L40.CI.0000.RON.N.Z,M,RO,L,L40,CI,0000,RON,N,Z,2022-01,5.37,A,F,,Ministry of Public Finance; Central Government; OTC Market; Basket (#1) ; -; -; Ministry of Public Finance; Central Government; OTC Market; Basket (#1) no direct adjustments; gross of tax; redemption yield formula,P1M,RO0515DBN0H8 11/04/2005-31/12/2005RO0515DBN0T3 06/06/2005-31/12/2005RO0515DBN119 31/12/2005-presentRO0515DBN143 31/12/2005-present,A,,,,,,,,,2,Ministry of Public FinanceCentral GovernmentOTC marketBasket (#1) no direct adjustmentsgross of taxredemption yield formula,,Long-term interest rate for convergence purposes - Romanian leu,"Romania, Long-term interest rate for convergence purposes - Unspecified rate type, Debt security issued, 10 years maturity, New business coverage, denominated in Romanian leu - Unspecified counterpart sector",PC,0
IRS.M.RO.L.L40.CI.0000.RON.N.Z,M,RO,L,L40,CI,0000,RON,N,Z,2022-02,5.6,A,F,,Ministry of Public Finance; Central Government; OTC Market; Basket (#1) ; -; -; Ministry of Public Finance; Central Government; OTC Market; Basket (#1) no direct adjustments; gross of tax; redemption yield formula,P1M,RO0515DBN0H8 11/04/2005-31/12/2005RO0515DBN0T3 06/06/2005-31/12/2005RO0515DBN119 31/12/2005-presentRO0515DBN143 31/12/2005-present,A,,,,,,,,,2,Ministry of Public FinanceCentral GovernmentOTC marketBasket (#1) no direct adjustmentsgross of taxredemption yield formula,,Long-term interest rate for convergence purposes - Romanian leu,"Romania, Long-term interest rate for convergence purposes - Unspecified rate type, Debt security issued, 10 years maturity, New business coverage, denominated in Romanian leu - Unspecified counterpart sector",PC,0
IRS.M.RO.L.L40.CI.0000.RON.N.Z,M,RO,L,L40,CI,0000,RON,N,Z,2022-03,6.2,A,F,,Ministry of Public Finance; Central Government; OTC Market; Basket (#1) ; -; -; Ministry of Public Finance; Central Government; OTC Market; Basket (#1) no direct adjustments; gross of tax; redemption yield formula,P1M,RO0515DBN0H8 11/04/2005-31/12/2005RO0515DBN0T3 06/06/2005-31/12/2005RO0515DBN119 31/12/2005-presentRO0515DBN143 31/12/2005-present,A,,,,,,,,,2,Ministry of Public FinanceCentral GovernmentOTC marketBasket (#1) no direct adjustmentsgross of taxredemption yield formula,,Long-term interest rate for convergence purposes - Romanian leu,"Romania, Long-term interest rate for convergence purposes - Unspecified rate type, Debt security issued, 10 years maturity, New business coverage, denominated in Romanian leu - Unspecified counterpart sector",PC,0
IRS.M.RO.L.L40.CI.0000.RON.N.Z,M,RO,L,L40,CI,0000,RON,N,Z,2022-04,6.61,A,F,,Ministry of Public Finance; Central Government; OTC Market; Basket (#1) ; -; -; Ministry of Public Finance; Central Government; OTC Market; Basket (#1) no direct adjustments; gross of tax; redemption yield formula,P1M,RO0515DBN0H8 11/04/2005-31/12/2005RO0515DBN0T3 06/06/2005-31/12/2005RO0515DBN119 31/12/2005-presentRO0515DBN143 31/12/2005-present,A,,,,,,,,,2,Ministry of Public FinanceCentral GovernmentOTC marketBasket (#1) no direct adjustmentsgross of taxredemption yield formula,,Long-term interest rate for convergence purposes - Romanian leu,"Romania, Long-term interest rate for convergence purposes - Unspecified rate type, Debt security issued, 10 years maturity, New business coverage, denominated in Romanian leu - Unspecified counterpart sector",PC,0
IRS.M.RO.L.L40.CI.0000.RON.N.Z,M,RO,L,L40,CI,0000,RON,N,Z,2022-05,7.84,A,F,,Ministry of Public Finance; Central Government; OTC Market; Basket (#1) ; -; -; Ministry of Public Finance; Central Government; OTC Market; Basket (#1) no direct adjustments; gross of tax; redemption yield formula,P1M,RO0515DBN0H8 11/04/2005-31/12/2005RO0515DBN0T3 06/06/2005-31/12/2005RO0515DBN119 31/12/2005-presentRO0515DBN143 31/12/2005-present,A,,,,,,,,,2,Ministry of Public FinanceCentral GovernmentOTC marketBasket (#1) no direct adjustmentsgross of taxredemption yield formula,,Long-term interest rate for convergence purposes - Romanian leu,"Romania, Long-term interest rate for convergence purposes - Unspecified rate type, Debt security issued, 10 years maturity, New business coverage, denominated in Romanian leu - Unspecified counterpart sector",PC,0
IRS.M.RO.L.L40.CI.0000.RON.N.Z,M,RO,L,L40,CI,0000,RON,N,Z,2022-06,8.74,A,F,,Ministry of Public Finance; Central Government; OTC Market; Basket (#1) ; -; -; Ministry of Public Finance; Central Government; OTC Market; Basket (#1) no direct adjustments; gross of tax; redemption yield formula,P1M,RO0515DBN0H8 11/04/2005-31/12/2005RO0515DBN0T3 06/06/2005-31/12/2005RO0515DBN119 31/12/2005-presentRO0515DBN143 31/12/2005-present,A,,,,,,,,,2,Ministry of Public FinanceCentral GovernmentOTC marketBasket (#1) no direct adjustmentsgross of taxredemption yield formula,,Long-term interest rate for convergence purposes - Romanian leu,"Romania, Long-term interest rate for convergence purposes - Unspecified rate type, Debt security issued, 10 years maturity, New business coverage, denominated in Romanian leu - Unspecified counterpart sector",PC,0
IRS.M.RO.L.L40.CI.0000.RON.N.Z,M,RO,L,L40,CI,0000,RON,N,Z,2022-07,9.26,A,F,,Ministry of Public Finance; Central Government; OTC Market; Basket (#1) ; -; -; Ministry of Public Finance; Central Government; OTC Market; Basket (#1) no direct adjustments; gross of tax; redemption yield formula,P1M,RO0515DBN0H8 11/04/2005-31/12/2005RO0515DBN0T3 06/06/2005-31/12/2005RO0515DBN119 31/12/2005-presentRO0515DBN143 31/12/2005-present,A,,,,,,,,,2,Ministry of Public FinanceCentral GovernmentOTC marketBasket (#1) no direct adjustmentsgross of taxredemption yield formula,,Long-term interest rate for convergence purposes - Romanian leu,"Romania, Long-term interest rate for convergence purposes - Unspecified rate type, Debt security issued, 10 years maturity, New business coverage, denominated in Romanian leu - Unspecified counterpart sector",PC,0
IRS.M.RO.L.L40.CI.0000.RON.N.Z,M,RO,L,L40,CI,0000,RON,N,Z,2022-08,8.14,A,F,,Ministry of Public Finance; Central Government; OTC Market; Basket (#1) ; -; -; Ministry of Public Finance; Central Government; OTC Market; Basket (#1) no direct adjustments; gross of tax; redemption yield formula,P1M,RO0515DBN0H8 11/04/2005-31/12/2005RO0515DBN0T3 06/06/2005-31/12/2005RO0515DBN119 31/12/2005-presentRO0515DBN143 31/12/2005-present,A,,,,,,,,,2,Ministry of Public FinanceCentral GovernmentOTC marketBasket (#1) no direct adjustmentsgross of taxredemption yield formula,,Long-term interest rate for convergence purposes - Romanian leu,"Romania, Long-term interest rate for convergence purposes - Unspecified rate type, Debt security issued, 10 years maturity, New business coverage, denominated in Romanian leu - Unspecified counterpart sector",PC,0
IRS.M.RO.L.L40.CI.0000.RON.N.Z,M,RO,L,L40,CI,0000,RON,N,Z,2022-09,8.07,A,F,,Ministry of Public Finance; Central Government; OTC Market; Basket (#1) ; -; -; Ministry of Public Finance; Central Government; OTC Market; Basket (#1) no direct adjustments; gross of tax; redemption yield formula,P1M,RO0515DBN0H8 11/04/2005-31/12/2005RO0515DBN0T3 06/06/2005-31/12/2005RO0515DBN119 31/12/2005-presentRO0515DBN143 31/12/2005-present,A,,,,,,,,,2,Ministry of Public FinanceCentral GovernmentOTC marketBasket (#1) no direct adjustmentsgross of taxredemption yield formula,,Long-term interest rate for convergence purposes - Romanian leu,"Romania, Long-term interest rate for convergence purposes - Unspecified rate type, Debt security issued, 10 years maturity, New business coverage, denominated in Romanian leu - Unspecified counterpart sector",PC,0
IRS.M.RO.L.L40.CI.0000.RON.N.Z,M,RO,L,L40,CI,0000,RON,N,Z,2022-10,9.13,A,F,,Ministry of Public Finance; Central Government; OTC Market; Basket (#1) ; -; -; Ministry of Public Finance; Central Government; OTC Market; Basket (#1) no direct adjustments; gross of tax; redemption yield formula,P1M,RO0515DBN0H8 11/04/2005-31/12/2005RO0515DBN0T3 06/06/2005-31/12/2005RO0515DBN119 31/12/2005-presentRO0515DBN143 31/12/2005-present,A,,,,,,,,,2,Ministry of Public FinanceCentral GovernmentOTC marketBasket (#1) no direct adjustmentsgross of taxredemption yield formula,,Long-term interest rate for convergence purposes - Romanian leu,"Romania, Long-term interest rate for convergence purposes - Unspecified rate type, Debt security issued, 10 years maturity, New business coverage, denominated in Romanian leu - Unspecified counterpart sector",PC,0
IRS.M.RO.L.L40.CI.0000.RON.N.Z,M,RO,L,L40,CI,0000,RON,N,Z,2022-11,7.65,A,F,,Ministry of Public Finance; Central Government; OTC Market; Basket (#1) ; -; -; Ministry of Public Finance; Central Government; OTC Market; Basket (#1) no direct adjustments; gross of tax; redemption yield formula,P1M,RO0515DBN0H8 11/04/2005-31/12/2005RO0515DBN0T3 06/06/2005-31/12/2005RO0515DBN119 31/12/2005-presentRO0515DBN143 31/12/2005-present,A,,,,,,,,,2,Ministry of Public FinanceCentral GovernmentOTC marketBasket (#1) no direct adjustmentsgross of taxredemption yield formula,,Long-term interest rate for convergence purposes - Romanian leu,"Romania, Long-term interest rate for convergence purposes - Unspecified rate type, Debt security issued, 10 years maturity, New business coverage, denominated in Romanian leu - Unspecified counterpart sector",PC,0
IRS.M.RO.L.L40.CI.0000.RON.N.Z,M,RO,L,L40,CI,0000,RON,N,Z,2022-12,7.17,A,F,,Ministry of Public Finance; Central Government; OTC Market; Basket (#1) ; -; -; Ministry of Public Finance; Central Government; OTC Market; Basket (#1) no direct adjustments; gross of tax; redemption yield formula,P1M,RO0515DBN0H8 11/04/2005-31/12/2005RO0515DBN0T3 06/06/2005-31/12/2005RO0515DBN119 31/12/2005-presentRO0515DBN143 31/12/2005-present,A,,,,,,,,,2,Ministry of Public FinanceCentral GovernmentOTC marketBasket (#1) no direct adjustmentsgross of taxredemption yield formula,,Long-term interest rate for convergence purposes - Romanian leu,"Romania, Long-term interest rate for convergence purposes - Unspecified rate type, Debt security issued, 10 years maturity, New business coverage, denominated in Romanian leu - Unspecified counterpart sector",PC,0
IRS.M.RO.L.L40.CI.0000.RON.N.Z,M,RO,L,L40,CI,0000,RON,N,Z,2023-01,6.8,A,F,,,P1M,RO0515DBN0H8 11/04/2005-31/12/2005RO0515DBN0T3 06/06/2005-31/12/2005RO0515DBN119 31/12/2005-presentRO0515DBN143 31/12/2005-present,A,,,,,,,,,2,Ministry of Public FinanceCentral GovernmentOTC marketBasket (#1) no direct adjustmentsgross of taxredemption yield formula,,Long-term interest rate for convergence purposes - Romanian leu,"Romania, Long-term interest rate for convergence purposes - Unspecified rate type, Debt security issued, 10 years maturity, New business coverage, denominated in Romanian leu - Unspecified counterpart sector",PC,0
IRS.M.RO.L.L40.CI.0000.RON.N.Z,M,RO,L,L40,CI,0000,RON,N,Z,2023-02,7.46,A,F,,,P1M,RO0515DBN0H8 11/04/2005-31/12/2005RO0515DBN0T3 06/06/2005-31/12/2005RO0515DBN119 31/12/2005-presentRO0515DBN143 31/12/2005-present,A,,,,,,,,,2,Ministry of Public FinanceCentral GovernmentOTC marketBasket (#1) no direct adjustmentsgross of taxredemption yield formula,,Long-term interest rate for convergence purposes - Romanian leu,"Romania, Long-term interest rate for convergence purposes - Unspecified rate type, Debt security issued, 10 years maturity, New business coverage, denominated in Romanian leu - Unspecified counterpart sector",PC,0
IRS.M.RO.L.L40.CI.0000.RON.N.Z,M,RO,L,L40,CI,0000,RON,N,Z,2023-03,7.1,A,F,,,P1M,RO0515DBN0H8 11/04/2005-31/12/2005RO0515DBN0T3 06/06/2005-31/12/2005RO0515DBN119 31/12/2005-presentRO0515DBN143 31/12/2005-present,A,,,,,,,,,2,Ministry of Public FinanceCentral GovernmentOTC marketBasket (#1) no direct adjustmentsgross of taxredemption yield formula,,Long-term interest rate for convergence purposes - Romanian leu,"Romania, Long-term interest rate for convergence purposes - Unspecified rate type, Debt security issued, 10 years maturity, New business coverage, denominated in Romanian leu - Unspecified counterpart sector",PC,0
IRS.M.RO.L.L40.CI.0000.RON.N.Z,M,RO,L,L40,CI,0000,RON,N,Z,2023-04,7,A,F,,,P1M,RO0515DBN0H8 11/04/2005-31/12/2005RO0515DBN0T3 06/06/2005-31/12/2005RO0515DBN119 31/12/2005-presentRO0515DBN143 31/12/2005-present,A,,,,,,,,,2,Ministry of Public FinanceCentral GovernmentOTC marketBasket (#1) no direct adjustmentsgross of taxredemption yield formula,,Long-term interest rate for convergence purposes - Romanian leu,"Romania, Long-term interest rate for convergence purposes - Unspecified rate type, Debt security issued, 10 years maturity, New business coverage, denominated in Romanian leu - Unspecified counterpart sector",PC,0
IRS.M.RO.L.L40.CI.0000.RON.N.Z,M,RO,L,L40,CI,0000,RON,N,Z,2023-05,6.3,A,F,,,P1M,RO0515DBN0H8 11/04/2005-31/12/2005RO0515DBN0T3 06/06/2005-31/12/2005RO0515DBN119 31/12/2005-presentRO0515DBN143 31/12/2005-present,A,,,,,,,,,2,Ministry of Public FinanceCentral GovernmentOTC marketBasket (#1) no direct adjustmentsgross of taxredemption yield formula,,Long-term interest rate for convergence purposes - Romanian leu,"Romania, Long-term interest rate for convergence purposes - Unspecified rate type, Debt security issued, 10 years maturity, New business coverage, denominated in Romanian leu - Unspecified counterpart sector",PC,0
IRS.M.RO.L.L40.CI.0000.RON.N.Z,M,RO,L,L40,CI,0000,RON,N,Z,2023-06,6.11,A,F,,,P1M,RO0515DBN0H8 11/04/2005-31/12/2005RO0515DBN0T3 06/06/2005-31/12/2005RO0515DBN119 31/12/2005-presentRO0515DBN143 31/12/2005-present,A,,,,,,,,,2,Ministry of Public FinanceCentral GovernmentOTC marketBasket (#1) no direct adjustmentsgross of taxredemption yield formula,,Long-term interest rate for convergence purposes - Romanian leu,"Romania, Long-term interest rate for convergence purposes - Unspecified rate type, Debt security issued, 10 years maturity, New business coverage, denominated in Romanian leu - Unspecified counterpart sector",PC,0
IRS.M.RO.L.L40.CI.0000.RON.N.Z,M,RO,L,L40,CI,0000,RON,N,Z,2023-07,6.2,A,F,,Ministry of Public Finance; Central Government; OTC Market; Basket (#1) ; -; -; Ministry of Public Finance; Central Government; OTC Market; Basket (#1) no direct adjustments; gross of tax; redemption yield formula,P1M,RO0515DBN0H8 11/04/2005-31/12/2005RO0515DBN0T3 06/06/2005-31/12/2005RO0515DBN119 31/12/2005-presentRO0515DBN143 31/12/2005-present,A,,,,,,,,,2,Ministry of Public FinanceCentral GovernmentOTC marketBasket (#1) no direct adjustmentsgross of taxredemption yield formula,,Long-term interest rate for convergence purposes - Romanian leu,"Romania, Long-term interest rate for convergence purposes - Unspecified rate type, Debt security issued, 10 years maturity, New business coverage, denominated in Romanian leu - Unspecified counterpart sector",PC,0
IRS.M.RO.L.L40.CI.0000.RON.N.Z,M,RO,L,L40,CI,0000,RON,N,Z,2023-08,6.34,A,F,,Ministry of Public Finance; Central Government; OTC Market; Basket (#1) ; -; -; Ministry of Public Finance; Central Government; OTC Market; Basket (#1) no direct adjustments; gross of tax; redemption yield formula,P1M,RO0515DBN0H8 11/04/2005-31/12/2005RO0515DBN0T3 06/06/2005-31/12/2005RO0515DBN119 31/12/2005-presentRO0515DBN143 31/12/2005-present,A,,,,,,,,,2,Ministry of Public FinanceCentral GovernmentOTC marketBasket (#1) no direct adjustmentsgross of taxredemption yield formula,,Long-term interest rate for convergence purposes - Romanian leu,"Romania, Long-term interest rate for convergence purposes - Unspecified rate type, Debt security issued, 10 years maturity, New business coverage, denominated in Romanian leu - Unspecified counterpart sector",PC,0
IRS.M.RO.L.L40.CI.0000.RON.N.Z,M,RO,L,L40,CI,0000,RON,N,Z,2023-09,7.48,A,F,,Ministry of Public Finance; Central Government; OTC Market; Basket (#1) ; -; -; Ministry of Public Finance; Central Government; OTC Market; Basket (#1) no direct adjustments; gross of tax; redemption yield formula,P1M,RO0515DBN0H8 11/04/2005-31/12/2005RO0515DBN0T3 06/06/2005-31/12/2005RO0515DBN119 31/12/2005-presentRO0515DBN143 31/12/2005-present,A,,,,,,,,,2,Ministry of Public FinanceCentral GovernmentOTC marketBasket (#1) no direct adjustmentsgross of taxredemption yield formula,,Long-term interest rate for convergence purposes - Romanian leu,"Romania, Long-term interest rate for convergence purposes - Unspecified rate type, Debt security issued, 10 years maturity, New business coverage, denominated in Romanian leu - Unspecified counterpart sector",PC,0
IRS.M.RO.L.L40.CI.0000.RON.N.Z,M,RO,L,L40,CI,0000,RON,N,Z,2023-10,6.81,A,F,,Ministry of Public Finance; Central Government; OTC Market; Basket (#1) ; -; -; Ministry of Public Finance; Central Government; OTC Market; Basket (#1) no direct adjustments; gross of tax; redemption yield formula,P1M,RO0515DBN0H8 11/04/2005-31/12/2005RO0515DBN0T3 06/06/2005-31/12/2005RO0515DBN119 31/12/2005-presentRO0515DBN143 31/12/2005-present,A,,,,,,,,,2,Ministry of Public FinanceCentral GovernmentOTC marketBasket (#1) no direct adjustmentsgross of taxredemption yield formula,,Long-term interest rate for convergence purposes - Romanian leu,"Romania, Long-term interest rate for convergence purposes - Unspecified rate type, Debt security issued, 10 years maturity, New business coverage, denominated in Romanian leu - Unspecified counterpart sector",PC,0
IRS.M.RO.L.L40.CI.0000.RON.N.Z,M,RO,L,L40,CI,0000,RON,N,Z,2023-11,6.75,A,F,,Ministry of Public Finance; Central Government; OTC Market; Basket (#1) ; -; -; Ministry of Public Finance; Central Government; OTC Market; Basket (#1) no direct adjustments; gross of tax; redemption yield formula,P1M,RO0515DBN0H8 11/04/2005-31/12/2005RO0515DBN0T3 06/06/2005-31/12/2005RO0515DBN119 31/12/2005-presentRO0515DBN143 31/12/2005-present,A,,,,,,,,,2,Ministry of Public FinanceCentral GovernmentOTC marketBasket (#1) no direct adjustmentsgross of taxredemption yield formula,,Long-term interest rate for convergence purposes - Romanian leu,"Romania, Long-term interest rate for convergence purposes - Unspecified rate type, Debt security issued, 10 years maturity, New business coverage, denominated in Romanian leu - Unspecified counterpart sector",PC,0
IRS.M.RO.L.L40.CI.0000.RON.N.Z,M,RO,L,L40,CI,0000,RON,N,Z,2023-12,6.19,A,F,,Ministry of Public Finance; Central Government; OTC Market; Basket (#1) ; -; -; Ministry of Public Finance; Central Government; OTC Market; Basket (#1) no direct adjustments; gross of tax; redemption yield formula,P1M,RO0515DBN0H8 11/04/2005-31/12/2005RO0515DBN0T3 06/06/2005-31/12/2005RO0515DBN119 31/12/2005-presentRO0515DBN143 31/12/2005-present,A,,,,,,,,,2,Ministry of Public FinanceCentral GovernmentOTC marketBasket (#1) no direct adjustmentsgross of taxredemption yield formula,,Long-term interest rate for convergence purposes - Romanian leu,"Romania, Long-term interest rate for convergence purposes - Unspecified rate type, Debt security issued, 10 years maturity, New business coverage, denominated in Romanian leu - Unspecified counterpart sector",PC,0
IRS.M.RO.L.L40.CI.0000.RON.N.Z,M,RO,L,L40,CI,0000,RON,N,Z,2024-01,6.14,A,F,,,P1M,RO0515DBN0H8 11/04/2005-31/12/2005RO0515DBN0T3 06/06/2005-31/12/2005RO0515DBN119 31/12/2005-presentRO0515DBN143 31/12/2005-present,A,,,,,,,,,2,Ministry of Public FinanceCentral GovernmentOTC marketBasket (#1) no direct adjustmentsgross of taxredemption yield formula,,Long-term interest rate for convergence purposes - Romanian leu,"Romania, Long-term interest rate for convergence purposes - Unspecified rate type, Debt security issued, 10 years maturity, New business coverage, denominated in Romanian leu - Unspecified counterpart sector",PC,0
IRS.M.RO.L.L40.CI.0000.RON.N.Z,M,RO,L,L40,CI,0000,RON,N,Z,2024-02,6.06,A,F,,Ministry of Public Finance; Central Government; OTC Market; Basket (#1) ; -; -; Ministry of Public Finance; Central Government; OTC Market; Basket (#1) no direct adjustments; gross of tax; redemption yield formula,P1M,RO0515DBN0H8 11/04/2005-31/12/2005RO0515DBN0T3 06/06/2005-31/12/2005RO0515DBN119 31/12/2005-presentRO0515DBN143 31/12/2005-present,A,,,,,,,,,2,Ministry of Public FinanceCentral GovernmentOTC marketBasket (#1) no direct adjustmentsgross of taxredemption yield formula,,Long-term interest rate for convergence purposes - Romanian leu,"Romania, Long-term interest rate for convergence purposes - Unspecified rate type, Debt security issued, 10 years maturity, New business coverage, denominated in Romanian leu - Unspecified counterpart sector",PC,0
IRS.M.RO.L.L40.CI.0000.RON.N.Z,M,RO,L,L40,CI,0000,RON,N,Z,2024-03,5.96,A,F,,Ministry of Public Finance; Central Government; OTC Market; Basket (#1) ; -; -; Ministry of Public Finance; Central Government; OTC Market; Basket (#1) no direct adjustments; gross of tax; redemption yield formula,P1M,RO0515DBN0H8 11/04/2005-31/12/2005RO0515DBN0T3 06/06/2005-31/12/2005RO0515DBN119 31/12/2005-presentRO0515DBN143 31/12/2005-present,A,,,,,,,,,2,Ministry of Public FinanceCentral GovernmentOTC marketBasket (#1) no direct adjustmentsgross of taxredemption yield formula,,Long-term interest rate for convergence purposes - Romanian leu,"Romania, Long-term interest rate for convergence purposes - Unspecified rate type, Debt security issued, 10 years maturity, New business coverage, denominated in Romanian leu - Unspecified counterpart sector",PC,0
IRS.M.RO.L.L40.CI.0000.RON.N.Z,M,RO,L,L40,CI,0000,RON,N,Z,2024-04,6.25,A,F,,Ministry of Public Finance; Central Government; OTC Market; Basket (#1) ; -; -; Ministry of Public Finance; Central Government; OTC Market; Basket (#1) no direct adjustments; gross of tax; redemption yield formula,P1M,RO0515DBN0H8 11/04/2005-31/12/2005RO0515DBN0T3 06/06/2005-31/12/2005RO0515DBN119 31/12/2005-presentRO0515DBN143 31/12/2005-present,A,,,,,,,,,2,Ministry of Public FinanceCentral GovernmentOTC marketBasket (#1) no direct adjustmentsgross of taxredemption yield formula,,Long-term interest rate for convergence purposes - Romanian leu,"Romania, Long-term interest rate for convergence purposes - Unspecified rate type, Debt security issued, 10 years maturity, New business coverage, denominated in Romanian leu - Unspecified counterpart sector",PC,0
IRS.M.RO.L.L40.CI.0000.RON.N.Z,M,RO,L,L40,CI,0000,RON,N,Z,2024-05,6.29,A,F,,Ministry of Public Finance; Central Government; OTC Market; Basket (#1) ; -; -; Ministry of Public Finance; Central Government; OTC Market; Basket (#1) no direct adjustments; gross of tax; redemption yield formula,P1M,RO0515DBN0H8 11/04/2005-31/12/2005RO0515DBN0T3 06/06/2005-31/12/2005RO0515DBN119 31/12/2005-presentRO0515DBN143 31/12/2005-present,A,,,,,,,,,2,Ministry of Public FinanceCentral GovernmentOTC marketBasket (#1) no direct adjustmentsgross of taxredemption yield formula,,Long-term interest rate for convergence purposes - Romanian leu,"Romania, Long-term interest rate for convergence purposes - Unspecified rate type, Debt security issued, 10 years maturity, New business coverage, denominated in Romanian leu - Unspecified counterpart sector",PC,0
IRS.M.RO.L.L40.CI.0000.RON.N.Z,M,RO,L,L40,CI,0000,RON,N,Z,2024-06,5.99,A,F,,Ministry of Public Finance; Central Government; OTC Market; Basket (#1) ; -; -; Ministry of Public Finance; Central Government; OTC Market; Basket (#1) no direct adjustments; gross of tax; redemption yield formula,P1M,RO0515DBN0H8 11/04/2005-31/12/2005RO0515DBN0T3 06/06/2005-31/12/2005RO0515DBN119 31/12/2005-presentRO0515DBN143 31/12/2005-present,A,,,,,,,,,2,Ministry of Public FinanceCentral GovernmentOTC marketBasket (#1) no direct adjustmentsgross of taxredemption yield formula,,Long-term interest rate for convergence purposes - Romanian leu,"Romania, Long-term interest rate for convergence purposes - Unspecified rate type, Debt security issued, 10 years maturity, New business coverage, denominated in Romanian leu - Unspecified counterpart sector",PC,0
IRS.M.RO.L.L40.CI.0000.RON.N.Z,M,RO,L,L40,CI,0000,RON,N,Z,2024-07,6.5,A,F,,Ministry of Public Finance; Central Government; OTC Market; Basket (#1) ; -; -; Ministry of Public Finance; Central Government; OTC Market; Basket (#1) no direct adjustments; gross of tax; redemption yield formula,P1M,RO0515DBN0H8 11/04/2005-31/12/2005RO0515DBN0T3 06/06/2005-31/12/2005RO0515DBN119 31/12/2005-presentRO0515DBN143 31/12/2005-present,A,,,,,,,,,2,Ministry of Public FinanceCentral GovernmentOTC marketBasket (#1) no direct adjustmentsgross of taxredemption yield formula,,Long-term interest rate for convergence purposes - Romanian leu,"Romania, Long-term interest rate for convergence purposes - Unspecified rate type, Debt security issued, 10 years maturity, New business coverage, denominated in Romanian leu - Unspecified counterpart sector",PC,0
IRS.M.RO.L.L40.CI.0000.RON.N.Z,M,RO,L,L40,CI,0000,RON,N,Z,2024-08,6.42,A,F,,Ministry of Public Finance; Central Government; OTC Market; Basket (#1) ; -; -; Ministry of Public Finance; Central Government; OTC Market; Basket (#1) no direct adjustments; gross of tax; redemption yield formula,P1M,RO0515DBN0H8 11/04/2005-31/12/2005RO0515DBN0T3 06/06/2005-31/12/2005RO0515DBN119 31/12/2005-presentRO0515DBN143 31/12/2005-present,A,,,,,,,,,2,Ministry of Public FinanceCentral GovernmentOTC marketBasket (#1) no direct adjustmentsgross of taxredemption yield formula,,Long-term interest rate for convergence purposes - Romanian leu,"Romania, Long-term interest rate for convergence purposes - Unspecified rate type, Debt security issued, 10 years maturity, New business coverage, denominated in Romanian leu - Unspecified counterpart sector",PC,0
IRS.M.RO.L.L40.CI.0000.RON.N.Z,M,RO,L,L40,CI,0000,RON,N,Z,2024-09,6.42,A,F,,Ministry of Public Finance; Central Government; OTC Market; Basket (#1) ; -; -; Ministry of Public Finance; Central Government; OTC Market; Basket (#1) no direct adjustments; gross of tax; redemption yield formula,P1M,RO0515DBN0H8 11/04/2005-31/12/2005RO0515DBN0T3 06/06/2005-31/12/2005RO0515DBN119 31/12/2005-presentRO0515DBN143 31/12/2005-present,A,,,,,,,,,2,Ministry of Public FinanceCentral GovernmentOTC marketBasket (#1) no direct adjustmentsgross of taxredemption yield formula,,Long-term interest rate for convergence purposes - Romanian leu,"Romania, Long-term interest rate for convergence purposes - Unspecified rate type, Debt security issued, 10 years maturity, New business coverage, denominated in Romanian leu - Unspecified counterpart sector",PC,0
IRS.M.RO.L.L40.CI.0000.RON.N.Z,M,RO,L,L40,CI,0000,RON,N,Z,2024-10,6.36,A,F,,Ministry of Public Finance; Central Government; OTC Market; Basket (#1) ; -; -; Ministry of Public Finance; Central Government; OTC Market; Basket (#1) no direct adjustments; gross of tax; redemption yield formula,P1M,RO0515DBN0H8 11/04/2005-31/12/2005RO0515DBN0T3 06/06/2005-31/12/2005RO0515DBN119 31/12/2005-presentRO0515DBN143 31/12/2005-present,A,,,,,,,,,2,Ministry of Public FinanceCentral GovernmentOTC marketBasket (#1) no direct adjustmentsgross of taxredemption yield formula,,Long-term interest rate for convergence purposes - Romanian leu,"Romania, Long-term interest rate for convergence purposes - Unspecified rate type, Debt security issued, 10 years maturity, New business coverage, denominated in Romanian leu - Unspecified counterpart sector",PC,0
IRS.M.RO.L.L40.CI.0000.RON.N.Z,M,RO,L,L40,CI,0000,RON,N,Z,2024-11,6.6,A,F,,Ministry of Public Finance; Central Government; OTC Market; Basket (#1) ; -; -; Ministry of Public Finance; Central Government; OTC Market; Basket (#1) no direct adjustments; gross of tax; redemption yield formula,P1M,RO0515DBN0H8 11/04/2005-31/12/2005RO0515DBN0T3 06/06/2005-31/12/2005RO0515DBN119 31/12/2005-presentRO0515DBN143 31/12/2005-present,A,,,,,,,,,2,Ministry of Public FinanceCentral GovernmentOTC marketBasket (#1) no direct adjustmentsgross of taxredemption yield formula,,Long-term interest rate for convergence purposes - Romanian leu,"Romania, Long-term interest rate for convergence purposes - Unspecified rate type, Debt security issued, 10 years maturity, New business coverage, denominated in Romanian leu - Unspecified counterpart sector",PC,0
IRS.M.RO.L.L40.CI.0000.RON.N.Z,M,RO,L,L40,CI,0000,RON,N,Z,2024-12,6.81,A,F,,,P1M,RO0515DBN0H8 11/04/2005-31/12/2005RO0515DBN0T3 06/06/2005-31/12/2005RO0515DBN119 31/12/2005-presentRO0515DBN143 31/12/2005-present,A,,,,,,,,,2,Ministry of Public FinanceCentral GovernmentOTC marketBasket (#1) no direct adjustmentsgross of taxredemption yield formula,,Long-term interest rate for convergence purposes - Romanian leu,"Romania, Long-term interest rate for convergence purposes - Unspecified rate type, Debt security issued, 10 years maturity, New business coverage, denominated in Romanian leu - Unspecified counterpart sector",PC,0
IRS.M.RO.L.L40.CI.0000.RON.N.Z,M,RO,L,L40,CI,0000,RON,N,Z,2025-01,7.07,A,F,,,P1M,RO0515DBN0H8 11/04/2005-31/12/2005RO0515DBN0T3 06/06/2005-31/12/2005RO0515DBN119 31/12/2005-presentRO0515DBN143 31/12/2005-present,A,,,,,,,,,2,Ministry of Public FinanceCentral GovernmentOTC marketBasket (#1) no direct adjustmentsgross of taxredemption yield formula,,Long-term interest rate for convergence purposes - Romanian leu,"Romania, Long-term interest rate for convergence purposes - Unspecified rate type, Debt security issued, 10 years maturity, New business coverage, denominated in Romanian leu - Unspecified counterpart sector",PC,0
IRS.M.RO.L.L40.CI.0000.RON.N.Z,M,RO,L,L40,CI,0000,RON,N,Z,2025-02,6.83,A,F,,,P1M,RO0515DBN0H8 11/04/2005-31/12/2005RO0515DBN0T3 06/06/2005-31/12/2005RO0515DBN119 31/12/2005-presentRO0515DBN143 31/12/2005-present,A,,,,,,,,,2,Ministry of Public FinanceCentral GovernmentOTC marketBasket (#1) no direct adjustmentsgross of taxredemption yield formula,,Long-term interest rate for convergence purposes - Romanian leu,"Romania, Long-term interest rate for convergence purposes - Unspecified rate type, Debt security issued, 10 years maturity, New business coverage, denominated in Romanian leu - Unspecified counterpart sector",PC,0
IRS.M.RO.L.L40.CI.0000.RON.N.Z,M,RO,L,L40,CI,0000,RON,N,Z,2025-03,6.33,A,F,,,P1M,RO0515DBN0H8 11/04/2005-31/12/2005RO0515DBN0T3 06/06/2005-31/12/2005RO0515DBN119 31/12/2005-presentRO0515DBN143 31/12/2005-present,A,,,,,,,,,2,Ministry of Public FinanceCentral GovernmentOTC marketBasket (#1) no direct adjustmentsgross of taxredemption yield formula,,Long-term interest rate for convergence purposes - Romanian leu,"Romania, Long-term interest rate for convergence purposes - Unspecified rate type, Debt security issued, 10 years maturity, New business coverage, denominated in Romanian leu - Unspecified counterpart sector",PC,0
IRS.M.RO.L.L40.CI.0000.RON.N.Z,M,RO,L,L40,CI,0000,RON,N,Z,2025-04,6.63,A,F,,Ministry of Public Finance; Central Government; OTC Market; Basket (#1) ; -; -; Ministry of Public Finance; Central Government; OTC Market; Basket (#1) no direct adjustments; gross of tax; redemption yield formula,P1M,RO0515DBN0H8 11/04/2005-31/12/2005RO0515DBN0T3 06/06/2005-31/12/2005RO0515DBN119 31/12/2005-presentRO0515DBN143 31/12/2005-present,A,,,,,,,,,2,Ministry of Public FinanceCentral GovernmentOTC marketBasket (#1) no direct adjustmentsgross of taxredemption yield formula,,Long-term interest rate for convergence purposes - Romanian leu,"Romania, Long-term interest rate for convergence purposes - Unspecified rate type, Debt security issued, 10 years maturity, New business coverage, denominated in Romanian leu - Unspecified counterpart sector",PC,0
IRS.M.RO.L.L40.CI.0000.RON.N.Z,M,RO,L,L40,CI,0000,RON,N,Z,2025-05,6.83,A,F,,Ministry of Public Finance; Central Government; OTC Market; Basket (#1) ; -; -; Ministry of Public Finance; Central Government; OTC Market; Basket (#1) no direct adjustments; gross of tax; redemption yield formula,P1M,RO0515DBN0H8 11/04/2005-31/12/2005RO0515DBN0T3 06/06/2005-31/12/2005RO0515DBN119 31/12/2005-presentRO0515DBN143 31/12/2005-present,A,,,,,,,,,2,Ministry of Public FinanceCentral GovernmentOTC marketBasket (#1) no direct adjustmentsgross of taxredemption yield formula,,Long-term interest rate for convergence purposes - Romanian leu,"Romania, Long-term interest rate for convergence purposes - Unspecified rate type, Debt security issued, 10 years maturity, New business coverage, denominated in Romanian leu - Unspecified counterpart sector",PC,0
IRS.M.RO.L.L40.CI.0000.RON.N.Z,M,RO,L,L40,CI,0000,RON,N,Z,2025-06,7.37,A,F,,Ministry of Public Finance; Central Government; OTC Market; Basket (#1) ; -; -; Ministry of Public Finance; Central Government; OTC Market; Basket (#1) no direct adjustments; gross of tax; redemption yield formula,P1M,RO0515DBN0H8 11/04/2005-31/12/2005RO0515DBN0T3 06/06/2005-31/12/2005RO0515DBN119 31/12/2005-presentRO0515DBN143 31/12/2005-present,A,,,,,,,,,2,Ministry of Public FinanceCentral GovernmentOTC marketBasket (#1) no direct adjustmentsgross of taxredemption yield formula,,Long-term interest rate for convergence purposes - Romanian leu,"Romania, Long-term interest rate for convergence purposes - Unspecified rate type, Debt security issued, 10 years maturity, New business coverage, denominated in Romanian leu - Unspecified counterpart sector",PC,0
IRS.M.RO.L.L40.CI.0000.RON.N.Z,M,RO,L,L40,CI,0000,RON,N,Z,2025-07,7.13,A,F,,Ministry of Public Finance; Central Government; OTC Market; Basket (#1) ; -; -; Ministry of Public Finance; Central Government; OTC Market; Basket (#1) no direct adjustments; gross of tax; redemption yield formula,P1M,RO0515DBN0H8 11/04/2005-31/12/2005RO0515DBN0T3 06/06/2005-31/12/2005RO0515DBN119 31/12/2005-presentRO0515DBN143 31/12/2005-present,A,,,,,,,,,2,Ministry of Public FinanceCentral GovernmentOTC marketBasket (#1) no direct adjustmentsgross of taxredemption yield formula,,Long-term interest rate for convergence purposes - Romanian leu,"Romania, Long-term interest rate for convergence purposes - Unspecified rate type, Debt security issued, 10 years maturity, New business coverage, denominated in Romanian leu - Unspecified counterpart sector",PC,0
IRS.M.RO.L.L40.CI.0000.RON.N.Z,M,RO,L,L40,CI,0000,RON,N,Z,2025-08,7.17,A,F,,Ministry of Public Finance; Central Government; OTC Market; Basket (#1) ; -; -; Ministry of Public Finance; Central Government; OTC Market; Basket (#1) no direct adjustments; gross of tax; redemption yield formula,P1M,RO0515DBN0H8 11/04/2005-31/12/2005RO0515DBN0T3 06/06/2005-31/12/2005RO0515DBN119 31/12/2005-presentRO0515DBN143 31/12/2005-present,A,,,,,,,,,2,Ministry of Public FinanceCentral GovernmentOTC marketBasket (#1) no direct adjustmentsgross of taxredemption yield formula,,Long-term interest rate for convergence purposes - Romanian leu,"Romania, Long-term interest rate for convergence purposes - Unspecified rate type, Debt security issued, 10 years maturity, New business coverage, denominated in Romanian leu - Unspecified counterpart sector",PC,0
IRS.M.RO.L.L40.CI.0000.RON.N.Z,M,RO,L,L40,CI,0000,RON,N,Z,2025-09,7.29,A,F,,Ministry of Public Finance; Central Government; OTC Market; Basket (#1) ; -; -; Ministry of Public Finance; Central Government; OTC Market; Basket (#1) no direct adjustments; gross of tax; redemption yield formula,P1M,RO0515DBN0H8 11/04/2005-31/12/2005RO0515DBN0T3 06/06/2005-31/12/2005RO0515DBN119 31/12/2005-presentRO0515DBN143 31/12/2005-present,A,,,,,,,,,2,Ministry of Public FinanceCentral GovernmentOTC marketBasket (#1) no direct adjustmentsgross of taxredemption yield formula,,Long-term interest rate for convergence purposes - Romanian leu,"Romania, Long-term interest rate for convergence purposes - Unspecified rate type, Debt security issued, 10 years maturity, New business coverage, denominated in Romanian leu - Unspecified counterpart sector",PC,0
IRS.M.RO.L.L40.CI.0000.RON.N.Z,M,RO,L,L40,CI,0000,RON,N,Z,2025-10,7.07,A,F,,Ministry of Public Finance; Central Government; OTC Market; Basket (#1) ; -; -; Ministry of Public Finance; Central Government; OTC Market; Basket (#1) no direct adjustments; gross of tax; redemption yield formula,P1M,RO0515DBN0H8 11/04/2005-31/12/2005RO0515DBN0T3 06/06/2005-31/12/2005RO0515DBN119 31/12/2005-presentRO0515DBN143 31/12/2005-present,A,,,,,,,,,2,Ministry of Public FinanceCentral GovernmentOTC marketBasket (#1) no direct adjustmentsgross of taxredemption yield formula,,Long-term interest rate for convergence purposes - Romanian leu,"Romania, Long-term interest rate for convergence purposes - Unspecified rate type, Debt security issued, 10 years maturity, New business coverage, denominated in Romanian leu - Unspecified counterpart sector",PC,0
IRS.M.RO.L.L40.CI.0000.RON.N.Z,M,RO,L,L40,CI,0000,RON,N,Z,2025-11,6.82,A,F,,Ministry of Public Finance; Central Government; OTC Market; Basket (#1) ; -; -; Ministry of Public Finance; Central Government; OTC Market; Basket (#1) no direct adjustments; gross of tax; redemption yield formula,P1M,RO0515DBN0H8 11/04/2005-31/12/2005RO0515DBN0T3 06/06/2005-31/12/2005RO0515DBN119 31/12/2005-presentRO0515DBN143 31/12/2005-present,A,,,,,,,,,2,Ministry of Public FinanceCentral GovernmentOTC marketBasket (#1) no direct adjustmentsgross of taxredemption yield formula,,Long-term interest rate for convergence purposes - Romanian leu,"Romania, Long-term interest rate for convergence purposes - Unspecified rate type, Debt security issued, 10 years maturity, New business coverage, denominated in Romanian leu - Unspecified counterpart sector",PC,0
IRS.M.RO.L.L40.CI.0000.RON.N.Z,M,RO,L,L40,CI,0000,RON,N,Z,2025-12,6.72,A,F,,Ministry of Public Finance; Central Government; OTC Market; Basket (#1) ; -; -; Ministry of Public Finance; Central Government; OTC Market; Basket (#1) no direct adjustments; gross of tax; redemption yield formula,P1M,RO0515DBN0H8 11/04/2005-31/12/2005RO0515DBN0T3 06/06/2005-31/12/2005RO0515DBN119 31/12/2005-presentRO0515DBN143 31/12/2005-present,A,,,,,,,,,2,Ministry of Public FinanceCentral GovernmentOTC marketBasket (#1) no direct adjustmentsgross of taxredemption yield formula,,Long-term interest rate for convergence purposes - Romanian leu,"Romania, Long-term interest rate for convergence purposes - Unspecified rate type, Debt security issued, 10 years maturity, New business coverage, denominated in Romanian leu - Unspecified counterpart sector",PC,0
IRS.M.RO.L.L40.CI.0000.RON.N.Z,M,RO,L,L40,CI,0000,RON,N,Z,2026-01,6.59,A,F,,Ministry of Public Finance; Central Government; OTC Market; Basket (#1) ; -; -; Ministry of Public Finance; Central Government; OTC Market; Basket (#1) no direct adjustments; gross of tax; redemption yield formula,P1M,RO0515DBN0H8 11/04/2005-31/12/2005RO0515DBN0T3 06/06/2005-31/12/2005RO0515DBN119 31/12/2005-presentRO0515DBN143 31/12/2005-present,A,,,,,,,,,2,Ministry of Public FinanceCentral GovernmentOTC marketBasket (#1) no direct adjustmentsgross of taxredemption yield formula,,Long-term interest rate for convergence purposes - Romanian leu,"Romania, Long-term interest rate for convergence purposes - Unspecified rate type, Debt security issued, 10 years maturity, New business coverage, denominated in Romanian leu - Unspecified counterpart sector",PC,0
IRS.M.RO.L.L40.CI.0000.RON.N.Z,M,RO,L,L40,CI,0000,RON,N,Z,2026-02,5.99,A,F,,Ministry of Public Finance; Central Government; OTC Market; Basket (#1) ; -; -; Ministry of Public Finance; Central Government; OTC Market; Basket (#1) no direct adjustments; gross of tax; redemption yield formula,P1M,RO0515DBN0H8 11/04/2005-31/12/2005RO0515DBN0T3 06/06/2005-31/12/2005RO0515DBN119 31/12/2005-presentRO0515DBN143 31/12/2005-present,A,,,,,,,,,2,Ministry of Public FinanceCentral GovernmentOTC marketBasket (#1) no direct adjustmentsgross of taxredemption yield formula,,Long-term interest rate for convergence purposes - Romanian leu,"Romania, Long-term interest rate for convergence purposes - Unspecified rate type, Debt security issued, 10 years maturity, New business coverage, denominated in Romanian leu - Unspecified counterpart sector",PC,0
IRS.M.RO.L.L40.CI.0000.RON.N.Z,M,RO,L,L40,CI,0000,RON,N,Z,2026-03,6.33,A,F,,Ministry of Public Finance; Central Government; OTC Market; Basket (#1) ; -; -; Ministry of Public Finance; Central Government; OTC Market; Basket (#1) no direct adjustments; gross of tax; redemption yield formula,P1M,RO0515DBN0H8 11/04/2005-31/12/2005RO0515DBN0T3 06/06/2005-31/12/2005RO0515DBN119 31/12/2005-presentRO0515DBN143 31/12/2005-present,A,,,,,,,,,2,Ministry of Public FinanceCentral GovernmentOTC marketBasket (#1) no direct adjustmentsgross of taxredemption yield formula,,Long-term interest rate for convergence purposes - Romanian leu,"Romania, Long-term interest rate for convergence purposes - Unspecified rate type, Debt security issued, 10 years maturity, New business coverage, denominated in Romanian leu - Unspecified counterpart sector",PC,0
IRS.M.RO.L.L40.CI.0000.RON.N.Z,M,RO,L,L40,CI,0000,RON,N,Z,2026-04,6.15,A,F,,Ministry of Public Finance; Central Government; OTC Market; Basket (#1) ; -; -; Ministry of Public Finance; Central Government; OTC Market; Basket (#1) no direct adjustments; gross of tax; redemption yield formula,P1M,RO0515DBN0H8 11/04/2005-31/12/2005RO0515DBN0T3 06/06/2005-31/12/2005RO0515DBN119 31/12/2005-presentRO0515DBN143 31/12/2005-present,A,,,,,,,,,2,Ministry of Public FinanceCentral GovernmentOTC marketBasket (#1) no direct adjustmentsgross of taxredemption yield formula,,Long-term interest rate for convergence purposes - Romanian leu,"Romania, Long-term interest rate for convergence purposes - Unspecified rate type, Debt security issued, 10 years maturity, New business coverage, denominated in Romanian leu - Unspecified counterpart sector",PC,0
IRS.M.RO.L.L40.CI.0000.RON.N.Z,M,RO,L,L40,CI,0000,RON,N,Z,2026-05,6.17,A,F,,Ministry of Public Finance; Central Government; OTC Market; Basket (#1) ; -; -; Ministry of Public Finance; Central Government; OTC Market; Basket (#1) no direct adjustments; gross of tax; redemption yield formula,P1M,RO0515DBN0H8 11/04/2005-31/12/2005RO0515DBN0T3 06/06/2005-31/12/2005RO0515DBN119 31/12/2005-presentRO0515DBN143 31/12/2005-present,A,,,,,,,,,2,Ministry of Public FinanceCentral GovernmentOTC marketBasket (#1) no direct adjustmentsgross of taxredemption yield formula,,Long-term interest rate for convergence purposes - Romanian leu,"Romania, Long-term interest rate for convergence purposes - Unspecified rate type, Debt security issued, 10 years maturity, New business coverage, denominated in Romanian leu - Unspecified counterpart sector",PC,0
IRS.M.RO.L.L40.CI.0000.RON.N.Z,M,RO,L,L40,CI,0000,RON,N,Z,2026-06,5.98,A,F,,Ministry of Public Finance; Central Government; OTC Market; Basket (#1) ; -; -; Ministry of Public Finance; Central Government; OTC Market; Basket (#1) no direct adjustments; gross of tax; redemption yield formula,P1M,RO0515DBN0H8 11/04/2005-31/12/2005RO0515DBN0T3 06/06/2005-31/12/2005RO0515DBN119 31/12/2005-presentRO0515DBN143 31/12/2005-present,A,,,,,,,,,2,Ministry of Public FinanceCentral GovernmentOTC marketBasket (#1) no direct adjustmentsgross of taxredemption yield formula,,Long-term interest rate for convergence purposes - Romanian leu,"Romania, Long-term interest rate for convergence purposes - Unspecified rate type, Debt security issued, 10 years maturity, New business coverage, denominated in Romanian leu - Unspecified counterpart sector",PC,0
IRS.M.RO.L.L40.CI.0000.RON.N.Z,M,RO,L,L40,CI,0000,RON,N,Z,2026-07,6.09,A,F,,Ministry of Public Finance; Central Government; OTC Market; Basket (#1) ; -; -; Ministry of Public Finance; Central Government; OTC Market; Basket (#1) no direct adjustments; gross of tax; redemption yield formula,P1M,RO0515DBN0H8 11/04/2005-31/12/2005RO0515DBN0T3 06/06/2005-31/12/2005RO0515DBN119 31/12/2005-presentRO0515DBN143 31/12/2005-present,A,,,,,,,,,2,Ministry of Public FinanceCentral GovernmentOTC marketBasket (#1) no direct adjustmentsgross of taxredemption yield formula,,Long-term interest rate for convergence purposes - Romanian leu,"Romania, Long-term interest rate for convergence purposes - Unspecified rate type, Debt security issued, 10 years maturity, New business coverage, denominated in Romanian leu - Unspecified counterpart sector",PC,0
IRS.M.RO.L.L40.CI.0000.RON.N.Z,M,RO,L,L40,CI,0000,RON,N,Z,2026-08,6.43,A,F,,Ministry of Public Finance; Central Government; OTC Market; Basket (#1) ; -; -; Ministry of Public Finance; Central Government; OTC Market; Basket (#1) no direct adjustments; gross of tax; redemption yield formula,P1M,RO0515DBN0H8 11/04/2005-31/12/2005RO0515DBN0T3 06/06/2005-31/12/2005RO0515DBN119 31/12/2005-presentRO0515DBN143 31/12/2005-present,A,,,,,,,,,2,Ministry of Public FinanceCentral GovernmentOTC marketBasket (#1) no direct adjustmentsgross of taxredemption yield formula,,Long-term interest rate for convergence purposes - Romanian leu,"Romania, Long-term interest rate for convergence purposes - Unspecified rate type, Debt security issued, 10 years maturity, New business coverage, denominated in Romanian leu - Unspecified counterpart sector",PC,0
