KEY,FREQ,REF_AREA,BS_REP_SECTOR,BS_ITEM,MATURITY_NOT_IRATE,DATA_TYPE_MIR,AMOUNT_CAT,BS_COUNT_SECTOR,CURRENCY_TRANS,IR_BUS_COV,TIME_PERIOD,OBS_VALUE,OBS_STATUS,OBS_CONF,OBS_PRE_BREAK,OBS_COM,TIME_FORMAT,BREAKS,COLLECTION,COMPILING_ORG,DISS_ORG,DOM_SER_IDS,PUBL_ECB,PUBL_MU,PUBL_PUBLIC,UNIT_INDEX_BASE,COMPILATION,COVERAGE,DECIMALS,NAT_TITLE,SOURCE_AGENCY,TITLE,TITLE_COMPL,UNIT,UNIT_MULT
MIR.M.RO.B.A2A.A.R.A.2240.RON.N,M,RO,B,A2A,A,R,A,2240,RON,N,2007-01,,Q,F,,,P1M,,A,,,,,,,,,,4,,RO2,Bank interest rates - loans to corporations (new business) ,"Romania, Annualised agreed rate (AAR) / Narrowly defined effective rate (NDER), Credit and other institutions (MFI except MMFs and central banks) reporting sector - Loans other than revolving loans and overdrafts, convenience and extended credit card debt, Total initial rate fixation, Total amount, New business coverage, Non-Financial corporations (S.11) sector, denominated in Romanian leu",PCPA,0
MIR.M.RO.B.A2A.A.R.A.2240.RON.N,M,RO,B,A2A,A,R,A,2240,RON,N,2007-02,,Q,F,,,P1M,,A,,,,,,,,,,4,,RO2,Bank interest rates - loans to corporations (new business) ,"Romania, Annualised agreed rate (AAR) / Narrowly defined effective rate (NDER), Credit and other institutions (MFI except MMFs and central banks) reporting sector - Loans other than revolving loans and overdrafts, convenience and extended credit card debt, Total initial rate fixation, Total amount, New business coverage, Non-Financial corporations (S.11) sector, denominated in Romanian leu",PCPA,0
MIR.M.RO.B.A2A.A.R.A.2240.RON.N,M,RO,B,A2A,A,R,A,2240,RON,N,2007-03,,Q,F,,,P1M,,A,,,,,,,,,,4,,RO2,Bank interest rates - loans to corporations (new business) ,"Romania, Annualised agreed rate (AAR) / Narrowly defined effective rate (NDER), Credit and other institutions (MFI except MMFs and central banks) reporting sector - Loans other than revolving loans and overdrafts, convenience and extended credit card debt, Total initial rate fixation, Total amount, New business coverage, Non-Financial corporations (S.11) sector, denominated in Romanian leu",PCPA,0
MIR.M.RO.B.A2A.A.R.A.2240.RON.N,M,RO,B,A2A,A,R,A,2240,RON,N,2007-04,,Q,F,,,P1M,,A,,,,,,,,,,4,,RO2,Bank interest rates - loans to corporations (new business) ,"Romania, Annualised agreed rate (AAR) / Narrowly defined effective rate (NDER), Credit and other institutions (MFI except MMFs and central banks) reporting sector - Loans other than revolving loans and overdrafts, convenience and extended credit card debt, Total initial rate fixation, Total amount, New business coverage, Non-Financial corporations (S.11) sector, denominated in Romanian leu",PCPA,0
MIR.M.RO.B.A2A.A.R.A.2240.RON.N,M,RO,B,A2A,A,R,A,2240,RON,N,2007-06,,Q,F,,,P1M,,A,,,,,,,,,,4,,RO2,Bank interest rates - loans to corporations (new business) ,"Romania, Annualised agreed rate (AAR) / Narrowly defined effective rate (NDER), Credit and other institutions (MFI except MMFs and central banks) reporting sector - Loans other than revolving loans and overdrafts, convenience and extended credit card debt, Total initial rate fixation, Total amount, New business coverage, Non-Financial corporations (S.11) sector, denominated in Romanian leu",PCPA,0
MIR.M.RO.B.A2A.A.R.A.2240.RON.N,M,RO,B,A2A,A,R,A,2240,RON,N,2007-08,,Q,F,,,P1M,,A,,,,,,,,,,4,,RO2,Bank interest rates - loans to corporations (new business) ,"Romania, Annualised agreed rate (AAR) / Narrowly defined effective rate (NDER), Credit and other institutions (MFI except MMFs and central banks) reporting sector - Loans other than revolving loans and overdrafts, convenience and extended credit card debt, Total initial rate fixation, Total amount, New business coverage, Non-Financial corporations (S.11) sector, denominated in Romanian leu",PCPA,0
MIR.M.RO.B.A2A.A.R.A.2240.RON.N,M,RO,B,A2A,A,R,A,2240,RON,N,2007-12,,Q,F,,,P1M,,A,,,,,,,,,,4,,RO2,Bank interest rates - loans to corporations (new business) ,"Romania, Annualised agreed rate (AAR) / Narrowly defined effective rate (NDER), Credit and other institutions (MFI except MMFs and central banks) reporting sector - Loans other than revolving loans and overdrafts, convenience and extended credit card debt, Total initial rate fixation, Total amount, New business coverage, Non-Financial corporations (S.11) sector, denominated in Romanian leu",PCPA,0
MIR.M.RO.B.A2A.A.R.A.2240.RON.N,M,RO,B,A2A,A,R,A,2240,RON,N,2008-02,,Q,F,,,P1M,,A,,,,,,,,,,4,,RO2,Bank interest rates - loans to corporations (new business) ,"Romania, Annualised agreed rate (AAR) / Narrowly defined effective rate (NDER), Credit and other institutions (MFI except MMFs and central banks) reporting sector - Loans other than revolving loans and overdrafts, convenience and extended credit card debt, Total initial rate fixation, Total amount, New business coverage, Non-Financial corporations (S.11) sector, denominated in Romanian leu",PCPA,0
MIR.M.RO.B.A2A.A.R.A.2240.RON.N,M,RO,B,A2A,A,R,A,2240,RON,N,2008-04,,Q,F,,,P1M,,A,,,,,,,,,,4,,RO2,Bank interest rates - loans to corporations (new business) ,"Romania, Annualised agreed rate (AAR) / Narrowly defined effective rate (NDER), Credit and other institutions (MFI except MMFs and central banks) reporting sector - Loans other than revolving loans and overdrafts, convenience and extended credit card debt, Total initial rate fixation, Total amount, New business coverage, Non-Financial corporations (S.11) sector, denominated in Romanian leu",PCPA,0
MIR.M.RO.B.A2A.A.R.A.2240.RON.N,M,RO,B,A2A,A,R,A,2240,RON,N,2008-05,,Q,F,,,P1M,,A,,,,,,,,,,4,,RO2,Bank interest rates - loans to corporations (new business) ,"Romania, Annualised agreed rate (AAR) / Narrowly defined effective rate (NDER), Credit and other institutions (MFI except MMFs and central banks) reporting sector - Loans other than revolving loans and overdrafts, convenience and extended credit card debt, Total initial rate fixation, Total amount, New business coverage, Non-Financial corporations (S.11) sector, denominated in Romanian leu",PCPA,0
MIR.M.RO.B.A2A.A.R.A.2240.RON.N,M,RO,B,A2A,A,R,A,2240,RON,N,2008-07,,Q,F,,,P1M,,A,,,,,,,,,,4,,RO2,Bank interest rates - loans to corporations (new business) ,"Romania, Annualised agreed rate (AAR) / Narrowly defined effective rate (NDER), Credit and other institutions (MFI except MMFs and central banks) reporting sector - Loans other than revolving loans and overdrafts, convenience and extended credit card debt, Total initial rate fixation, Total amount, New business coverage, Non-Financial corporations (S.11) sector, denominated in Romanian leu",PCPA,0
MIR.M.RO.B.A2A.A.R.A.2240.RON.N,M,RO,B,A2A,A,R,A,2240,RON,N,2008-08,,Q,F,,,P1M,,A,,,,,,,,,,4,,RO2,Bank interest rates - loans to corporations (new business) ,"Romania, Annualised agreed rate (AAR) / Narrowly defined effective rate (NDER), Credit and other institutions (MFI except MMFs and central banks) reporting sector - Loans other than revolving loans and overdrafts, convenience and extended credit card debt, Total initial rate fixation, Total amount, New business coverage, Non-Financial corporations (S.11) sector, denominated in Romanian leu",PCPA,0
MIR.M.RO.B.A2A.A.R.A.2240.RON.N,M,RO,B,A2A,A,R,A,2240,RON,N,2009-01,,Q,F,,,P1M,,A,,,,,,,,,,4,,RO2,Bank interest rates - loans to corporations (new business) ,"Romania, Annualised agreed rate (AAR) / Narrowly defined effective rate (NDER), Credit and other institutions (MFI except MMFs and central banks) reporting sector - Loans other than revolving loans and overdrafts, convenience and extended credit card debt, Total initial rate fixation, Total amount, New business coverage, Non-Financial corporations (S.11) sector, denominated in Romanian leu",PCPA,0
MIR.M.RO.B.A2A.A.R.A.2240.RON.N,M,RO,B,A2A,A,R,A,2240,RON,N,2009-02,,Q,F,,,P1M,,A,,,,,,,,,,4,,RO2,Bank interest rates - loans to corporations (new business) ,"Romania, Annualised agreed rate (AAR) / Narrowly defined effective rate (NDER), Credit and other institutions (MFI except MMFs and central banks) reporting sector - Loans other than revolving loans and overdrafts, convenience and extended credit card debt, Total initial rate fixation, Total amount, New business coverage, Non-Financial corporations (S.11) sector, denominated in Romanian leu",PCPA,0
MIR.M.RO.B.A2A.A.R.A.2240.RON.N,M,RO,B,A2A,A,R,A,2240,RON,N,2009-03,,Q,F,,,P1M,,A,,,,,,,,,,4,,RO2,Bank interest rates - loans to corporations (new business) ,"Romania, Annualised agreed rate (AAR) / Narrowly defined effective rate (NDER), Credit and other institutions (MFI except MMFs and central banks) reporting sector - Loans other than revolving loans and overdrafts, convenience and extended credit card debt, Total initial rate fixation, Total amount, New business coverage, Non-Financial corporations (S.11) sector, denominated in Romanian leu",PCPA,0
MIR.M.RO.B.A2A.A.R.A.2240.RON.N,M,RO,B,A2A,A,R,A,2240,RON,N,2009-04,,Q,F,,,P1M,,A,,,,,,,,,,4,,RO2,Bank interest rates - loans to corporations (new business) ,"Romania, Annualised agreed rate (AAR) / Narrowly defined effective rate (NDER), Credit and other institutions (MFI except MMFs and central banks) reporting sector - Loans other than revolving loans and overdrafts, convenience and extended credit card debt, Total initial rate fixation, Total amount, New business coverage, Non-Financial corporations (S.11) sector, denominated in Romanian leu",PCPA,0
MIR.M.RO.B.A2A.A.R.A.2240.RON.N,M,RO,B,A2A,A,R,A,2240,RON,N,2009-07,,Q,F,,,P1M,,A,,,,,,,,,,4,,RO2,Bank interest rates - loans to corporations (new business) ,"Romania, Annualised agreed rate (AAR) / Narrowly defined effective rate (NDER), Credit and other institutions (MFI except MMFs and central banks) reporting sector - Loans other than revolving loans and overdrafts, convenience and extended credit card debt, Total initial rate fixation, Total amount, New business coverage, Non-Financial corporations (S.11) sector, denominated in Romanian leu",PCPA,0
MIR.M.RO.B.A2A.A.R.A.2240.RON.N,M,RO,B,A2A,A,R,A,2240,RON,N,2009-08,,Q,F,,,P1M,,A,,,,,,,,,,4,,RO2,Bank interest rates - loans to corporations (new business) ,"Romania, Annualised agreed rate (AAR) / Narrowly defined effective rate (NDER), Credit and other institutions (MFI except MMFs and central banks) reporting sector - Loans other than revolving loans and overdrafts, convenience and extended credit card debt, Total initial rate fixation, Total amount, New business coverage, Non-Financial corporations (S.11) sector, denominated in Romanian leu",PCPA,0
MIR.M.RO.B.A2A.A.R.A.2240.RON.N,M,RO,B,A2A,A,R,A,2240,RON,N,2009-09,,Q,F,,,P1M,,A,,,,,,,,,,4,,RO2,Bank interest rates - loans to corporations (new business) ,"Romania, Annualised agreed rate (AAR) / Narrowly defined effective rate (NDER), Credit and other institutions (MFI except MMFs and central banks) reporting sector - Loans other than revolving loans and overdrafts, convenience and extended credit card debt, Total initial rate fixation, Total amount, New business coverage, Non-Financial corporations (S.11) sector, denominated in Romanian leu",PCPA,0
MIR.M.RO.B.A2A.A.R.A.2240.RON.N,M,RO,B,A2A,A,R,A,2240,RON,N,2009-10,,Q,F,,,P1M,,A,,,,,,,,,,4,,RO2,Bank interest rates - loans to corporations (new business) ,"Romania, Annualised agreed rate (AAR) / Narrowly defined effective rate (NDER), Credit and other institutions (MFI except MMFs and central banks) reporting sector - Loans other than revolving loans and overdrafts, convenience and extended credit card debt, Total initial rate fixation, Total amount, New business coverage, Non-Financial corporations (S.11) sector, denominated in Romanian leu",PCPA,0
MIR.M.RO.B.A2A.A.R.A.2240.RON.N,M,RO,B,A2A,A,R,A,2240,RON,N,2009-11,,Q,F,,,P1M,,A,,,,,,,,,,4,,RO2,Bank interest rates - loans to corporations (new business) ,"Romania, Annualised agreed rate (AAR) / Narrowly defined effective rate (NDER), Credit and other institutions (MFI except MMFs and central banks) reporting sector - Loans other than revolving loans and overdrafts, convenience and extended credit card debt, Total initial rate fixation, Total amount, New business coverage, Non-Financial corporations (S.11) sector, denominated in Romanian leu",PCPA,0
MIR.M.RO.B.A2A.A.R.A.2240.RON.N,M,RO,B,A2A,A,R,A,2240,RON,N,2010-02,,Q,F,,,P1M,,A,,,,,,,,,,4,,RO2,Bank interest rates - loans to corporations (new business) ,"Romania, Annualised agreed rate (AAR) / Narrowly defined effective rate (NDER), Credit and other institutions (MFI except MMFs and central banks) reporting sector - Loans other than revolving loans and overdrafts, convenience and extended credit card debt, Total initial rate fixation, Total amount, New business coverage, Non-Financial corporations (S.11) sector, denominated in Romanian leu",PCPA,0
MIR.M.RO.B.A2A.A.R.A.2240.RON.N,M,RO,B,A2A,A,R,A,2240,RON,N,2010-03,,Q,F,,,P1M,,A,,,,,,,,,,4,,RO2,Bank interest rates - loans to corporations (new business) ,"Romania, Annualised agreed rate (AAR) / Narrowly defined effective rate (NDER), Credit and other institutions (MFI except MMFs and central banks) reporting sector - Loans other than revolving loans and overdrafts, convenience and extended credit card debt, Total initial rate fixation, Total amount, New business coverage, Non-Financial corporations (S.11) sector, denominated in Romanian leu",PCPA,0
MIR.M.RO.B.A2A.A.R.A.2240.RON.N,M,RO,B,A2A,A,R,A,2240,RON,N,2010-04,,Q,F,,,P1M,,A,,,,,,,,,,4,,RO2,Bank interest rates - loans to corporations (new business) ,"Romania, Annualised agreed rate (AAR) / Narrowly defined effective rate (NDER), Credit and other institutions (MFI except MMFs and central banks) reporting sector - Loans other than revolving loans and overdrafts, convenience and extended credit card debt, Total initial rate fixation, Total amount, New business coverage, Non-Financial corporations (S.11) sector, denominated in Romanian leu",PCPA,0
MIR.M.RO.B.A2A.A.R.A.2240.RON.N,M,RO,B,A2A,A,R,A,2240,RON,N,2010-05,,Q,F,,,P1M,,A,,,,,,,,,,4,,RO2,Bank interest rates - loans to corporations (new business) ,"Romania, Annualised agreed rate (AAR) / Narrowly defined effective rate (NDER), Credit and other institutions (MFI except MMFs and central banks) reporting sector - Loans other than revolving loans and overdrafts, convenience and extended credit card debt, Total initial rate fixation, Total amount, New business coverage, Non-Financial corporations (S.11) sector, denominated in Romanian leu",PCPA,0
MIR.M.RO.B.A2A.A.R.A.2240.RON.N,M,RO,B,A2A,A,R,A,2240,RON,N,2010-07,,Q,F,,,P1M,,A,,,,,,,,,,4,,RO2,Bank interest rates - loans to corporations (new business) ,"Romania, Annualised agreed rate (AAR) / Narrowly defined effective rate (NDER), Credit and other institutions (MFI except MMFs and central banks) reporting sector - Loans other than revolving loans and overdrafts, convenience and extended credit card debt, Total initial rate fixation, Total amount, New business coverage, Non-Financial corporations (S.11) sector, denominated in Romanian leu",PCPA,0
MIR.M.RO.B.A2A.A.R.A.2240.RON.N,M,RO,B,A2A,A,R,A,2240,RON,N,2010-09,,Q,F,,,P1M,,A,,,,,,,,,,4,,RO2,Bank interest rates - loans to corporations (new business) ,"Romania, Annualised agreed rate (AAR) / Narrowly defined effective rate (NDER), Credit and other institutions (MFI except MMFs and central banks) reporting sector - Loans other than revolving loans and overdrafts, convenience and extended credit card debt, Total initial rate fixation, Total amount, New business coverage, Non-Financial corporations (S.11) sector, denominated in Romanian leu",PCPA,0
MIR.M.RO.B.A2A.A.R.A.2240.RON.N,M,RO,B,A2A,A,R,A,2240,RON,N,2010-10,,Q,F,,,P1M,,A,,,,,,,,,,4,,RO2,Bank interest rates - loans to corporations (new business) ,"Romania, Annualised agreed rate (AAR) / Narrowly defined effective rate (NDER), Credit and other institutions (MFI except MMFs and central banks) reporting sector - Loans other than revolving loans and overdrafts, convenience and extended credit card debt, Total initial rate fixation, Total amount, New business coverage, Non-Financial corporations (S.11) sector, denominated in Romanian leu",PCPA,0
MIR.M.RO.B.A2A.A.R.A.2240.RON.N,M,RO,B,A2A,A,R,A,2240,RON,N,2010-11,,Q,F,,,P1M,,A,,,,,,,,,,4,,RO2,Bank interest rates - loans to corporations (new business) ,"Romania, Annualised agreed rate (AAR) / Narrowly defined effective rate (NDER), Credit and other institutions (MFI except MMFs and central banks) reporting sector - Loans other than revolving loans and overdrafts, convenience and extended credit card debt, Total initial rate fixation, Total amount, New business coverage, Non-Financial corporations (S.11) sector, denominated in Romanian leu",PCPA,0
MIR.M.RO.B.A2A.A.R.A.2240.RON.N,M,RO,B,A2A,A,R,A,2240,RON,N,2010-12,,Q,F,,,P1M,,A,,,,,,,,,,4,,RO2,Bank interest rates - loans to corporations (new business) ,"Romania, Annualised agreed rate (AAR) / Narrowly defined effective rate (NDER), Credit and other institutions (MFI except MMFs and central banks) reporting sector - Loans other than revolving loans and overdrafts, convenience and extended credit card debt, Total initial rate fixation, Total amount, New business coverage, Non-Financial corporations (S.11) sector, denominated in Romanian leu",PCPA,0
MIR.M.RO.B.A2A.A.R.A.2240.RON.N,M,RO,B,A2A,A,R,A,2240,RON,N,2011-01,,Q,F,,,P1M,,A,,,,,,,,,,4,,RO2,Bank interest rates - loans to corporations (new business) ,"Romania, Annualised agreed rate (AAR) / Narrowly defined effective rate (NDER), Credit and other institutions (MFI except MMFs and central banks) reporting sector - Loans other than revolving loans and overdrafts, convenience and extended credit card debt, Total initial rate fixation, Total amount, New business coverage, Non-Financial corporations (S.11) sector, denominated in Romanian leu",PCPA,0
MIR.M.RO.B.A2A.A.R.A.2240.RON.N,M,RO,B,A2A,A,R,A,2240,RON,N,2011-02,,Q,F,,,P1M,,A,,,,,,,,,,4,,RO2,Bank interest rates - loans to corporations (new business) ,"Romania, Annualised agreed rate (AAR) / Narrowly defined effective rate (NDER), Credit and other institutions (MFI except MMFs and central banks) reporting sector - Loans other than revolving loans and overdrafts, convenience and extended credit card debt, Total initial rate fixation, Total amount, New business coverage, Non-Financial corporations (S.11) sector, denominated in Romanian leu",PCPA,0
MIR.M.RO.B.A2A.A.R.A.2240.RON.N,M,RO,B,A2A,A,R,A,2240,RON,N,2011-05,,Q,F,,,P1M,,A,,,,,,,,,,4,,RO2,Bank interest rates - loans to corporations (new business) ,"Romania, Annualised agreed rate (AAR) / Narrowly defined effective rate (NDER), Credit and other institutions (MFI except MMFs and central banks) reporting sector - Loans other than revolving loans and overdrafts, convenience and extended credit card debt, Total initial rate fixation, Total amount, New business coverage, Non-Financial corporations (S.11) sector, denominated in Romanian leu",PCPA,0
MIR.M.RO.B.A2A.A.R.A.2240.RON.N,M,RO,B,A2A,A,R,A,2240,RON,N,2011-06,,Q,F,,,P1M,,A,,,,,,,,,,4,,RO2,Bank interest rates - loans to corporations (new business) ,"Romania, Annualised agreed rate (AAR) / Narrowly defined effective rate (NDER), Credit and other institutions (MFI except MMFs and central banks) reporting sector - Loans other than revolving loans and overdrafts, convenience and extended credit card debt, Total initial rate fixation, Total amount, New business coverage, Non-Financial corporations (S.11) sector, denominated in Romanian leu",PCPA,0
MIR.M.RO.B.A2A.A.R.A.2240.RON.N,M,RO,B,A2A,A,R,A,2240,RON,N,2011-07,,Q,F,,,P1M,,A,,,,,,,,,,4,,RO2,Bank interest rates - loans to corporations (new business) ,"Romania, Annualised agreed rate (AAR) / Narrowly defined effective rate (NDER), Credit and other institutions (MFI except MMFs and central banks) reporting sector - Loans other than revolving loans and overdrafts, convenience and extended credit card debt, Total initial rate fixation, Total amount, New business coverage, Non-Financial corporations (S.11) sector, denominated in Romanian leu",PCPA,0
MIR.M.RO.B.A2A.A.R.A.2240.RON.N,M,RO,B,A2A,A,R,A,2240,RON,N,2011-10,,Q,F,,,P1M,,A,,,,,,,,,,4,,RO2,Bank interest rates - loans to corporations (new business) ,"Romania, Annualised agreed rate (AAR) / Narrowly defined effective rate (NDER), Credit and other institutions (MFI except MMFs and central banks) reporting sector - Loans other than revolving loans and overdrafts, convenience and extended credit card debt, Total initial rate fixation, Total amount, New business coverage, Non-Financial corporations (S.11) sector, denominated in Romanian leu",PCPA,0
MIR.M.RO.B.A2A.A.R.A.2240.RON.N,M,RO,B,A2A,A,R,A,2240,RON,N,2011-12,,Q,F,,,P1M,,A,,,,,,,,,,4,,RO2,Bank interest rates - loans to corporations (new business) ,"Romania, Annualised agreed rate (AAR) / Narrowly defined effective rate (NDER), Credit and other institutions (MFI except MMFs and central banks) reporting sector - Loans other than revolving loans and overdrafts, convenience and extended credit card debt, Total initial rate fixation, Total amount, New business coverage, Non-Financial corporations (S.11) sector, denominated in Romanian leu",PCPA,0
MIR.M.RO.B.A2A.A.R.A.2240.RON.N,M,RO,B,A2A,A,R,A,2240,RON,N,2012-01,,Q,F,,,P1M,,A,,,,,,,,,,4,,RO2,Bank interest rates - loans to corporations (new business) ,"Romania, Annualised agreed rate (AAR) / Narrowly defined effective rate (NDER), Credit and other institutions (MFI except MMFs and central banks) reporting sector - Loans other than revolving loans and overdrafts, convenience and extended credit card debt, Total initial rate fixation, Total amount, New business coverage, Non-Financial corporations (S.11) sector, denominated in Romanian leu",PCPA,0
MIR.M.RO.B.A2A.A.R.A.2240.RON.N,M,RO,B,A2A,A,R,A,2240,RON,N,2012-02,,Q,F,,,P1M,,A,,,,,,,,,,4,,RO2,Bank interest rates - loans to corporations (new business) ,"Romania, Annualised agreed rate (AAR) / Narrowly defined effective rate (NDER), Credit and other institutions (MFI except MMFs and central banks) reporting sector - Loans other than revolving loans and overdrafts, convenience and extended credit card debt, Total initial rate fixation, Total amount, New business coverage, Non-Financial corporations (S.11) sector, denominated in Romanian leu",PCPA,0
MIR.M.RO.B.A2A.A.R.A.2240.RON.N,M,RO,B,A2A,A,R,A,2240,RON,N,2012-03,,Q,F,,,P1M,,A,,,,,,,,,,4,,RO2,Bank interest rates - loans to corporations (new business) ,"Romania, Annualised agreed rate (AAR) / Narrowly defined effective rate (NDER), Credit and other institutions (MFI except MMFs and central banks) reporting sector - Loans other than revolving loans and overdrafts, convenience and extended credit card debt, Total initial rate fixation, Total amount, New business coverage, Non-Financial corporations (S.11) sector, denominated in Romanian leu",PCPA,0
MIR.M.RO.B.A2A.A.R.A.2240.RON.N,M,RO,B,A2A,A,R,A,2240,RON,N,2012-05,,Q,F,,,P1M,,A,,,,,,,,,,4,,RO2,Bank interest rates - loans to corporations (new business) ,"Romania, Annualised agreed rate (AAR) / Narrowly defined effective rate (NDER), Credit and other institutions (MFI except MMFs and central banks) reporting sector - Loans other than revolving loans and overdrafts, convenience and extended credit card debt, Total initial rate fixation, Total amount, New business coverage, Non-Financial corporations (S.11) sector, denominated in Romanian leu",PCPA,0
MIR.M.RO.B.A2A.A.R.A.2240.RON.N,M,RO,B,A2A,A,R,A,2240,RON,N,2012-06,,Q,F,,,P1M,,A,,,,,,,,,,4,,RO2,Bank interest rates - loans to corporations (new business) ,"Romania, Annualised agreed rate (AAR) / Narrowly defined effective rate (NDER), Credit and other institutions (MFI except MMFs and central banks) reporting sector - Loans other than revolving loans and overdrafts, convenience and extended credit card debt, Total initial rate fixation, Total amount, New business coverage, Non-Financial corporations (S.11) sector, denominated in Romanian leu",PCPA,0
MIR.M.RO.B.A2A.A.R.A.2240.RON.N,M,RO,B,A2A,A,R,A,2240,RON,N,2012-08,,Q,F,,,P1M,,A,,,,,,,,,,4,,RO2,Bank interest rates - loans to corporations (new business) ,"Romania, Annualised agreed rate (AAR) / Narrowly defined effective rate (NDER), Credit and other institutions (MFI except MMFs and central banks) reporting sector - Loans other than revolving loans and overdrafts, convenience and extended credit card debt, Total initial rate fixation, Total amount, New business coverage, Non-Financial corporations (S.11) sector, denominated in Romanian leu",PCPA,0
MIR.M.RO.B.A2A.A.R.A.2240.RON.N,M,RO,B,A2A,A,R,A,2240,RON,N,2012-09,,Q,F,,,P1M,,A,,,,,,,,,,4,,RO2,Bank interest rates - loans to corporations (new business) ,"Romania, Annualised agreed rate (AAR) / Narrowly defined effective rate (NDER), Credit and other institutions (MFI except MMFs and central banks) reporting sector - Loans other than revolving loans and overdrafts, convenience and extended credit card debt, Total initial rate fixation, Total amount, New business coverage, Non-Financial corporations (S.11) sector, denominated in Romanian leu",PCPA,0
MIR.M.RO.B.A2A.A.R.A.2240.RON.N,M,RO,B,A2A,A,R,A,2240,RON,N,2012-10,,Q,F,,,P1M,,A,,,,,,,,,,4,,RO2,Bank interest rates - loans to corporations (new business) ,"Romania, Annualised agreed rate (AAR) / Narrowly defined effective rate (NDER), Credit and other institutions (MFI except MMFs and central banks) reporting sector - Loans other than revolving loans and overdrafts, convenience and extended credit card debt, Total initial rate fixation, Total amount, New business coverage, Non-Financial corporations (S.11) sector, denominated in Romanian leu",PCPA,0
MIR.M.RO.B.A2A.A.R.A.2240.RON.N,M,RO,B,A2A,A,R,A,2240,RON,N,2012-12,,Q,F,,,P1M,,A,,,,,,,,,,4,,RO2,Bank interest rates - loans to corporations (new business) ,"Romania, Annualised agreed rate (AAR) / Narrowly defined effective rate (NDER), Credit and other institutions (MFI except MMFs and central banks) reporting sector - Loans other than revolving loans and overdrafts, convenience and extended credit card debt, Total initial rate fixation, Total amount, New business coverage, Non-Financial corporations (S.11) sector, denominated in Romanian leu",PCPA,0
MIR.M.RO.B.A2A.A.R.A.2240.RON.N,M,RO,B,A2A,A,R,A,2240,RON,N,2013-02,,Q,F,,,P1M,,A,,,,,,,,,,4,,RO2,Bank interest rates - loans to corporations (new business) ,"Romania, Annualised agreed rate (AAR) / Narrowly defined effective rate (NDER), Credit and other institutions (MFI except MMFs and central banks) reporting sector - Loans other than revolving loans and overdrafts, convenience and extended credit card debt, Total initial rate fixation, Total amount, New business coverage, Non-Financial corporations (S.11) sector, denominated in Romanian leu",PCPA,0
MIR.M.RO.B.A2A.A.R.A.2240.RON.N,M,RO,B,A2A,A,R,A,2240,RON,N,2013-03,,Q,F,,,P1M,,A,,,,,,,,,,4,,RO2,Bank interest rates - loans to corporations (new business) ,"Romania, Annualised agreed rate (AAR) / Narrowly defined effective rate (NDER), Credit and other institutions (MFI except MMFs and central banks) reporting sector - Loans other than revolving loans and overdrafts, convenience and extended credit card debt, Total initial rate fixation, Total amount, New business coverage, Non-Financial corporations (S.11) sector, denominated in Romanian leu",PCPA,0
MIR.M.RO.B.A2A.A.R.A.2240.RON.N,M,RO,B,A2A,A,R,A,2240,RON,N,2013-04,,Q,F,,,P1M,,A,,,,,,,,,,4,,RO2,Bank interest rates - loans to corporations (new business) ,"Romania, Annualised agreed rate (AAR) / Narrowly defined effective rate (NDER), Credit and other institutions (MFI except MMFs and central banks) reporting sector - Loans other than revolving loans and overdrafts, convenience and extended credit card debt, Total initial rate fixation, Total amount, New business coverage, Non-Financial corporations (S.11) sector, denominated in Romanian leu",PCPA,0
MIR.M.RO.B.A2A.A.R.A.2240.RON.N,M,RO,B,A2A,A,R,A,2240,RON,N,2013-07,,Q,F,,,P1M,,A,,,,,,,,,,4,,RO2,Bank interest rates - loans to corporations (new business) ,"Romania, Annualised agreed rate (AAR) / Narrowly defined effective rate (NDER), Credit and other institutions (MFI except MMFs and central banks) reporting sector - Loans other than revolving loans and overdrafts, convenience and extended credit card debt, Total initial rate fixation, Total amount, New business coverage, Non-Financial corporations (S.11) sector, denominated in Romanian leu",PCPA,0
MIR.M.RO.B.A2A.A.R.A.2240.RON.N,M,RO,B,A2A,A,R,A,2240,RON,N,2013-08,,Q,F,,,P1M,,A,,,,,,,,,,4,,RO2,Bank interest rates - loans to corporations (new business) ,"Romania, Annualised agreed rate (AAR) / Narrowly defined effective rate (NDER), Credit and other institutions (MFI except MMFs and central banks) reporting sector - Loans other than revolving loans and overdrafts, convenience and extended credit card debt, Total initial rate fixation, Total amount, New business coverage, Non-Financial corporations (S.11) sector, denominated in Romanian leu",PCPA,0
MIR.M.RO.B.A2A.A.R.A.2240.RON.N,M,RO,B,A2A,A,R,A,2240,RON,N,2013-09,,Q,F,,,P1M,,A,,,,,,,,,,4,,RO2,Bank interest rates - loans to corporations (new business) ,"Romania, Annualised agreed rate (AAR) / Narrowly defined effective rate (NDER), Credit and other institutions (MFI except MMFs and central banks) reporting sector - Loans other than revolving loans and overdrafts, convenience and extended credit card debt, Total initial rate fixation, Total amount, New business coverage, Non-Financial corporations (S.11) sector, denominated in Romanian leu",PCPA,0
MIR.M.RO.B.A2A.A.R.A.2240.RON.N,M,RO,B,A2A,A,R,A,2240,RON,N,2013-10,,Q,F,,,P1M,,A,,,,,,,,,,4,,RO2,Bank interest rates - loans to corporations (new business) ,"Romania, Annualised agreed rate (AAR) / Narrowly defined effective rate (NDER), Credit and other institutions (MFI except MMFs and central banks) reporting sector - Loans other than revolving loans and overdrafts, convenience and extended credit card debt, Total initial rate fixation, Total amount, New business coverage, Non-Financial corporations (S.11) sector, denominated in Romanian leu",PCPA,0
MIR.M.RO.B.A2A.A.R.A.2240.RON.N,M,RO,B,A2A,A,R,A,2240,RON,N,2013-12,,Q,F,,,P1M,,A,,,,,,,,,,4,,RO2,Bank interest rates - loans to corporations (new business) ,"Romania, Annualised agreed rate (AAR) / Narrowly defined effective rate (NDER), Credit and other institutions (MFI except MMFs and central banks) reporting sector - Loans other than revolving loans and overdrafts, convenience and extended credit card debt, Total initial rate fixation, Total amount, New business coverage, Non-Financial corporations (S.11) sector, denominated in Romanian leu",PCPA,0
MIR.M.RO.B.A2A.A.R.A.2240.RON.N,M,RO,B,A2A,A,R,A,2240,RON,N,2014-01,,Q,F,,,P1M,,A,,,,,,,,,,4,,RO2,Bank interest rates - loans to corporations (new business) ,"Romania, Annualised agreed rate (AAR) / Narrowly defined effective rate (NDER), Credit and other institutions (MFI except MMFs and central banks) reporting sector - Loans other than revolving loans and overdrafts, convenience and extended credit card debt, Total initial rate fixation, Total amount, New business coverage, Non-Financial corporations (S.11) sector, denominated in Romanian leu",PCPA,0
MIR.M.RO.B.A2A.A.R.A.2240.RON.N,M,RO,B,A2A,A,R,A,2240,RON,N,2014-04,,Q,F,,,P1M,,A,,,,,,,,,,4,,RO2,Bank interest rates - loans to corporations (new business) ,"Romania, Annualised agreed rate (AAR) / Narrowly defined effective rate (NDER), Credit and other institutions (MFI except MMFs and central banks) reporting sector - Loans other than revolving loans and overdrafts, convenience and extended credit card debt, Total initial rate fixation, Total amount, New business coverage, Non-Financial corporations (S.11) sector, denominated in Romanian leu",PCPA,0
MIR.M.RO.B.A2A.A.R.A.2240.RON.N,M,RO,B,A2A,A,R,A,2240,RON,N,2014-06,,Q,F,,,P1M,,A,,,,,,,,,,4,,RO2,Bank interest rates - loans to corporations (new business) ,"Romania, Annualised agreed rate (AAR) / Narrowly defined effective rate (NDER), Credit and other institutions (MFI except MMFs and central banks) reporting sector - Loans other than revolving loans and overdrafts, convenience and extended credit card debt, Total initial rate fixation, Total amount, New business coverage, Non-Financial corporations (S.11) sector, denominated in Romanian leu",PCPA,0
MIR.M.RO.B.A2A.A.R.A.2240.RON.N,M,RO,B,A2A,A,R,A,2240,RON,N,2014-07,,Q,F,,,P1M,,A,,,,,,,,,,4,,RO2,Bank interest rates - loans to corporations (new business) ,"Romania, Annualised agreed rate (AAR) / Narrowly defined effective rate (NDER), Credit and other institutions (MFI except MMFs and central banks) reporting sector - Loans other than revolving loans and overdrafts, convenience and extended credit card debt, Total initial rate fixation, Total amount, New business coverage, Non-Financial corporations (S.11) sector, denominated in Romanian leu",PCPA,0
MIR.M.RO.B.A2A.A.R.A.2240.RON.N,M,RO,B,A2A,A,R,A,2240,RON,N,2014-10,,Q,F,,,P1M,,A,,,,,,,,,,4,,RO2,Bank interest rates - loans to corporations (new business) ,"Romania, Annualised agreed rate (AAR) / Narrowly defined effective rate (NDER), Credit and other institutions (MFI except MMFs and central banks) reporting sector - Loans other than revolving loans and overdrafts, convenience and extended credit card debt, Total initial rate fixation, Total amount, New business coverage, Non-Financial corporations (S.11) sector, denominated in Romanian leu",PCPA,0
MIR.M.RO.B.A2A.A.R.A.2240.RON.N,M,RO,B,A2A,A,R,A,2240,RON,N,2014-11,,Q,F,,,P1M,,A,,,,,,,,,,4,,RO2,Bank interest rates - loans to corporations (new business) ,"Romania, Annualised agreed rate (AAR) / Narrowly defined effective rate (NDER), Credit and other institutions (MFI except MMFs and central banks) reporting sector - Loans other than revolving loans and overdrafts, convenience and extended credit card debt, Total initial rate fixation, Total amount, New business coverage, Non-Financial corporations (S.11) sector, denominated in Romanian leu",PCPA,0
MIR.M.RO.B.A2A.A.R.A.2240.RON.N,M,RO,B,A2A,A,R,A,2240,RON,N,2014-12,,Q,F,,,P1M,,A,,,,,,,,,,4,,RO2,Bank interest rates - loans to corporations (new business) ,"Romania, Annualised agreed rate (AAR) / Narrowly defined effective rate (NDER), Credit and other institutions (MFI except MMFs and central banks) reporting sector - Loans other than revolving loans and overdrafts, convenience and extended credit card debt, Total initial rate fixation, Total amount, New business coverage, Non-Financial corporations (S.11) sector, denominated in Romanian leu",PCPA,0
MIR.M.RO.B.A2A.A.R.A.2240.RON.N,M,RO,B,A2A,A,R,A,2240,RON,N,2015-01,,Q,F,,,P1M,,A,,,,,,,,,,4,,RO2,Bank interest rates - loans to corporations (new business) ,"Romania, Annualised agreed rate (AAR) / Narrowly defined effective rate (NDER), Credit and other institutions (MFI except MMFs and central banks) reporting sector - Loans other than revolving loans and overdrafts, convenience and extended credit card debt, Total initial rate fixation, Total amount, New business coverage, Non-Financial corporations (S.11) sector, denominated in Romanian leu",PCPA,0
MIR.M.RO.B.A2A.A.R.A.2240.RON.N,M,RO,B,A2A,A,R,A,2240,RON,N,2015-02,,Q,F,,,P1M,,A,,,,,,,,,,4,,RO2,Bank interest rates - loans to corporations (new business) ,"Romania, Annualised agreed rate (AAR) / Narrowly defined effective rate (NDER), Credit and other institutions (MFI except MMFs and central banks) reporting sector - Loans other than revolving loans and overdrafts, convenience and extended credit card debt, Total initial rate fixation, Total amount, New business coverage, Non-Financial corporations (S.11) sector, denominated in Romanian leu",PCPA,0
MIR.M.RO.B.A2A.A.R.A.2240.RON.N,M,RO,B,A2A,A,R,A,2240,RON,N,2015-03,,Q,F,,,P1M,,A,,,,,,,,,,4,,RO2,Bank interest rates - loans to corporations (new business) ,"Romania, Annualised agreed rate (AAR) / Narrowly defined effective rate (NDER), Credit and other institutions (MFI except MMFs and central banks) reporting sector - Loans other than revolving loans and overdrafts, convenience and extended credit card debt, Total initial rate fixation, Total amount, New business coverage, Non-Financial corporations (S.11) sector, denominated in Romanian leu",PCPA,0
MIR.M.RO.B.A2A.A.R.A.2240.RON.N,M,RO,B,A2A,A,R,A,2240,RON,N,2015-04,,Q,F,,,P1M,,A,,,,,,,,,,4,,RO2,Bank interest rates - loans to corporations (new business) ,"Romania, Annualised agreed rate (AAR) / Narrowly defined effective rate (NDER), Credit and other institutions (MFI except MMFs and central banks) reporting sector - Loans other than revolving loans and overdrafts, convenience and extended credit card debt, Total initial rate fixation, Total amount, New business coverage, Non-Financial corporations (S.11) sector, denominated in Romanian leu",PCPA,0
MIR.M.RO.B.A2A.A.R.A.2240.RON.N,M,RO,B,A2A,A,R,A,2240,RON,N,2015-05,,Q,F,,,P1M,,A,,,,,,,,,,4,,RO2,Bank interest rates - loans to corporations (new business) ,"Romania, Annualised agreed rate (AAR) / Narrowly defined effective rate (NDER), Credit and other institutions (MFI except MMFs and central banks) reporting sector - Loans other than revolving loans and overdrafts, convenience and extended credit card debt, Total initial rate fixation, Total amount, New business coverage, Non-Financial corporations (S.11) sector, denominated in Romanian leu",PCPA,0
MIR.M.RO.B.A2A.A.R.A.2240.RON.N,M,RO,B,A2A,A,R,A,2240,RON,N,2015-06,,Q,F,,,P1M,,A,,,,,,,,,,4,,RO2,Bank interest rates - loans to corporations (new business) ,"Romania, Annualised agreed rate (AAR) / Narrowly defined effective rate (NDER), Credit and other institutions (MFI except MMFs and central banks) reporting sector - Loans other than revolving loans and overdrafts, convenience and extended credit card debt, Total initial rate fixation, Total amount, New business coverage, Non-Financial corporations (S.11) sector, denominated in Romanian leu",PCPA,0
MIR.M.RO.B.A2A.A.R.A.2240.RON.N,M,RO,B,A2A,A,R,A,2240,RON,N,2015-07,,Q,F,,,P1M,,A,,,,,,,,,,4,,RO2,Bank interest rates - loans to corporations (new business) ,"Romania, Annualised agreed rate (AAR) / Narrowly defined effective rate (NDER), Credit and other institutions (MFI except MMFs and central banks) reporting sector - Loans other than revolving loans and overdrafts, convenience and extended credit card debt, Total initial rate fixation, Total amount, New business coverage, Non-Financial corporations (S.11) sector, denominated in Romanian leu",PCPA,0
MIR.M.RO.B.A2A.A.R.A.2240.RON.N,M,RO,B,A2A,A,R,A,2240,RON,N,2015-09,,Q,F,,,P1M,,A,,,,,,,,,,4,,RO2,Bank interest rates - loans to corporations (new business) ,"Romania, Annualised agreed rate (AAR) / Narrowly defined effective rate (NDER), Credit and other institutions (MFI except MMFs and central banks) reporting sector - Loans other than revolving loans and overdrafts, convenience and extended credit card debt, Total initial rate fixation, Total amount, New business coverage, Non-Financial corporations (S.11) sector, denominated in Romanian leu",PCPA,0
MIR.M.RO.B.A2A.A.R.A.2240.RON.N,M,RO,B,A2A,A,R,A,2240,RON,N,2015-10,,Q,F,,,P1M,,A,,,,,,,,,,4,,RO2,Bank interest rates - loans to corporations (new business) ,"Romania, Annualised agreed rate (AAR) / Narrowly defined effective rate (NDER), Credit and other institutions (MFI except MMFs and central banks) reporting sector - Loans other than revolving loans and overdrafts, convenience and extended credit card debt, Total initial rate fixation, Total amount, New business coverage, Non-Financial corporations (S.11) sector, denominated in Romanian leu",PCPA,0
MIR.M.RO.B.A2A.A.R.A.2240.RON.N,M,RO,B,A2A,A,R,A,2240,RON,N,2015-11,,Q,F,,,P1M,,A,,,,,,,,,,4,,RO2,Bank interest rates - loans to corporations (new business) ,"Romania, Annualised agreed rate (AAR) / Narrowly defined effective rate (NDER), Credit and other institutions (MFI except MMFs and central banks) reporting sector - Loans other than revolving loans and overdrafts, convenience and extended credit card debt, Total initial rate fixation, Total amount, New business coverage, Non-Financial corporations (S.11) sector, denominated in Romanian leu",PCPA,0
MIR.M.RO.B.A2A.A.R.A.2240.RON.N,M,RO,B,A2A,A,R,A,2240,RON,N,2015-12,,Q,F,,,P1M,,A,,,,,,,,,,4,,RO2,Bank interest rates - loans to corporations (new business) ,"Romania, Annualised agreed rate (AAR) / Narrowly defined effective rate (NDER), Credit and other institutions (MFI except MMFs and central banks) reporting sector - Loans other than revolving loans and overdrafts, convenience and extended credit card debt, Total initial rate fixation, Total amount, New business coverage, Non-Financial corporations (S.11) sector, denominated in Romanian leu",PCPA,0
MIR.M.RO.B.A2A.A.R.A.2240.RON.N,M,RO,B,A2A,A,R,A,2240,RON,N,2016-01,,Q,F,,,P1M,,A,,,,,,,,,,4,,RO2,Bank interest rates - loans to corporations (new business) ,"Romania, Annualised agreed rate (AAR) / Narrowly defined effective rate (NDER), Credit and other institutions (MFI except MMFs and central banks) reporting sector - Loans other than revolving loans and overdrafts, convenience and extended credit card debt, Total initial rate fixation, Total amount, New business coverage, Non-Financial corporations (S.11) sector, denominated in Romanian leu",PCPA,0
MIR.M.RO.B.A2A.A.R.A.2240.RON.N,M,RO,B,A2A,A,R,A,2240,RON,N,2016-02,,Q,F,,,P1M,,A,,,,,,,,,,4,,RO2,Bank interest rates - loans to corporations (new business) ,"Romania, Annualised agreed rate (AAR) / Narrowly defined effective rate (NDER), Credit and other institutions (MFI except MMFs and central banks) reporting sector - Loans other than revolving loans and overdrafts, convenience and extended credit card debt, Total initial rate fixation, Total amount, New business coverage, Non-Financial corporations (S.11) sector, denominated in Romanian leu",PCPA,0
MIR.M.RO.B.A2A.A.R.A.2240.RON.N,M,RO,B,A2A,A,R,A,2240,RON,N,2016-03,,Q,F,,,P1M,,A,,,,,,,,,,4,,RO2,Bank interest rates - loans to corporations (new business) ,"Romania, Annualised agreed rate (AAR) / Narrowly defined effective rate (NDER), Credit and other institutions (MFI except MMFs and central banks) reporting sector - Loans other than revolving loans and overdrafts, convenience and extended credit card debt, Total initial rate fixation, Total amount, New business coverage, Non-Financial corporations (S.11) sector, denominated in Romanian leu",PCPA,0
MIR.M.RO.B.A2A.A.R.A.2240.RON.N,M,RO,B,A2A,A,R,A,2240,RON,N,2016-05,,Q,F,,,P1M,,A,,,,,,,,,,4,,RO2,Bank interest rates - loans to corporations (new business) ,"Romania, Annualised agreed rate (AAR) / Narrowly defined effective rate (NDER), Credit and other institutions (MFI except MMFs and central banks) reporting sector - Loans other than revolving loans and overdrafts, convenience and extended credit card debt, Total initial rate fixation, Total amount, New business coverage, Non-Financial corporations (S.11) sector, denominated in Romanian leu",PCPA,0
MIR.M.RO.B.A2A.A.R.A.2240.RON.N,M,RO,B,A2A,A,R,A,2240,RON,N,2016-06,,Q,F,,,P1M,,A,,,,,,,,,,4,,RO2,Bank interest rates - loans to corporations (new business) ,"Romania, Annualised agreed rate (AAR) / Narrowly defined effective rate (NDER), Credit and other institutions (MFI except MMFs and central banks) reporting sector - Loans other than revolving loans and overdrafts, convenience and extended credit card debt, Total initial rate fixation, Total amount, New business coverage, Non-Financial corporations (S.11) sector, denominated in Romanian leu",PCPA,0
MIR.M.RO.B.A2A.A.R.A.2240.RON.N,M,RO,B,A2A,A,R,A,2240,RON,N,2016-07,,Q,F,,,P1M,,A,,,,,,,,,,4,,RO2,Bank interest rates - loans to corporations (new business) ,"Romania, Annualised agreed rate (AAR) / Narrowly defined effective rate (NDER), Credit and other institutions (MFI except MMFs and central banks) reporting sector - Loans other than revolving loans and overdrafts, convenience and extended credit card debt, Total initial rate fixation, Total amount, New business coverage, Non-Financial corporations (S.11) sector, denominated in Romanian leu",PCPA,0
MIR.M.RO.B.A2A.A.R.A.2240.RON.N,M,RO,B,A2A,A,R,A,2240,RON,N,2016-08,,Q,F,,,P1M,,A,,,,,,,,,,4,,RO2,Bank interest rates - loans to corporations (new business) ,"Romania, Annualised agreed rate (AAR) / Narrowly defined effective rate (NDER), Credit and other institutions (MFI except MMFs and central banks) reporting sector - Loans other than revolving loans and overdrafts, convenience and extended credit card debt, Total initial rate fixation, Total amount, New business coverage, Non-Financial corporations (S.11) sector, denominated in Romanian leu",PCPA,0
MIR.M.RO.B.A2A.A.R.A.2240.RON.N,M,RO,B,A2A,A,R,A,2240,RON,N,2016-10,,Q,F,,,P1M,,A,,,,,,,,,,4,,RO2,Bank interest rates - loans to corporations (new business) ,"Romania, Annualised agreed rate (AAR) / Narrowly defined effective rate (NDER), Credit and other institutions (MFI except MMFs and central banks) reporting sector - Loans other than revolving loans and overdrafts, convenience and extended credit card debt, Total initial rate fixation, Total amount, New business coverage, Non-Financial corporations (S.11) sector, denominated in Romanian leu",PCPA,0
MIR.M.RO.B.A2A.A.R.A.2240.RON.N,M,RO,B,A2A,A,R,A,2240,RON,N,2016-11,,Q,F,,,P1M,,A,,,,,,,,,,4,,RO2,Bank interest rates - loans to corporations (new business) ,"Romania, Annualised agreed rate (AAR) / Narrowly defined effective rate (NDER), Credit and other institutions (MFI except MMFs and central banks) reporting sector - Loans other than revolving loans and overdrafts, convenience and extended credit card debt, Total initial rate fixation, Total amount, New business coverage, Non-Financial corporations (S.11) sector, denominated in Romanian leu",PCPA,0
MIR.M.RO.B.A2A.A.R.A.2240.RON.N,M,RO,B,A2A,A,R,A,2240,RON,N,2016-12,,Q,F,,,P1M,,A,,,,,,,,,,4,,RO2,Bank interest rates - loans to corporations (new business) ,"Romania, Annualised agreed rate (AAR) / Narrowly defined effective rate (NDER), Credit and other institutions (MFI except MMFs and central banks) reporting sector - Loans other than revolving loans and overdrafts, convenience and extended credit card debt, Total initial rate fixation, Total amount, New business coverage, Non-Financial corporations (S.11) sector, denominated in Romanian leu",PCPA,0
MIR.M.RO.B.A2A.A.R.A.2240.RON.N,M,RO,B,A2A,A,R,A,2240,RON,N,2017-01,,Q,F,,,P1M,,A,,,,,,,,,,4,,RO2,Bank interest rates - loans to corporations (new business) ,"Romania, Annualised agreed rate (AAR) / Narrowly defined effective rate (NDER), Credit and other institutions (MFI except MMFs and central banks) reporting sector - Loans other than revolving loans and overdrafts, convenience and extended credit card debt, Total initial rate fixation, Total amount, New business coverage, Non-Financial corporations (S.11) sector, denominated in Romanian leu",PCPA,0
MIR.M.RO.B.A2A.A.R.A.2240.RON.N,M,RO,B,A2A,A,R,A,2240,RON,N,2017-02,,Q,F,,,P1M,,A,,,,,,,,,,4,,RO2,Bank interest rates - loans to corporations (new business) ,"Romania, Annualised agreed rate (AAR) / Narrowly defined effective rate (NDER), Credit and other institutions (MFI except MMFs and central banks) reporting sector - Loans other than revolving loans and overdrafts, convenience and extended credit card debt, Total initial rate fixation, Total amount, New business coverage, Non-Financial corporations (S.11) sector, denominated in Romanian leu",PCPA,0
MIR.M.RO.B.A2A.A.R.A.2240.RON.N,M,RO,B,A2A,A,R,A,2240,RON,N,2017-03,,Q,F,,,P1M,,A,,,,,,,,,,4,,RO2,Bank interest rates - loans to corporations (new business) ,"Romania, Annualised agreed rate (AAR) / Narrowly defined effective rate (NDER), Credit and other institutions (MFI except MMFs and central banks) reporting sector - Loans other than revolving loans and overdrafts, convenience and extended credit card debt, Total initial rate fixation, Total amount, New business coverage, Non-Financial corporations (S.11) sector, denominated in Romanian leu",PCPA,0
MIR.M.RO.B.A2A.A.R.A.2240.RON.N,M,RO,B,A2A,A,R,A,2240,RON,N,2017-04,,Q,F,,,P1M,,A,,,,,,,,,,4,,RO2,Bank interest rates - loans to corporations (new business) ,"Romania, Annualised agreed rate (AAR) / Narrowly defined effective rate (NDER), Credit and other institutions (MFI except MMFs and central banks) reporting sector - Loans other than revolving loans and overdrafts, convenience and extended credit card debt, Total initial rate fixation, Total amount, New business coverage, Non-Financial corporations (S.11) sector, denominated in Romanian leu",PCPA,0
MIR.M.RO.B.A2A.A.R.A.2240.RON.N,M,RO,B,A2A,A,R,A,2240,RON,N,2017-05,,Q,F,,,P1M,,A,,,,,,,,,,4,,RO2,Bank interest rates - loans to corporations (new business) ,"Romania, Annualised agreed rate (AAR) / Narrowly defined effective rate (NDER), Credit and other institutions (MFI except MMFs and central banks) reporting sector - Loans other than revolving loans and overdrafts, convenience and extended credit card debt, Total initial rate fixation, Total amount, New business coverage, Non-Financial corporations (S.11) sector, denominated in Romanian leu",PCPA,0
MIR.M.RO.B.A2A.A.R.A.2240.RON.N,M,RO,B,A2A,A,R,A,2240,RON,N,2017-07,,Q,F,,,P1M,,A,,,,,,,,,,4,,RO2,Bank interest rates - loans to corporations (new business) ,"Romania, Annualised agreed rate (AAR) / Narrowly defined effective rate (NDER), Credit and other institutions (MFI except MMFs and central banks) reporting sector - Loans other than revolving loans and overdrafts, convenience and extended credit card debt, Total initial rate fixation, Total amount, New business coverage, Non-Financial corporations (S.11) sector, denominated in Romanian leu",PCPA,0
MIR.M.RO.B.A2A.A.R.A.2240.RON.N,M,RO,B,A2A,A,R,A,2240,RON,N,2017-08,,Q,F,,,P1M,,A,,,,,,,,,,4,,RO2,Bank interest rates - loans to corporations (new business) ,"Romania, Annualised agreed rate (AAR) / Narrowly defined effective rate (NDER), Credit and other institutions (MFI except MMFs and central banks) reporting sector - Loans other than revolving loans and overdrafts, convenience and extended credit card debt, Total initial rate fixation, Total amount, New business coverage, Non-Financial corporations (S.11) sector, denominated in Romanian leu",PCPA,0
MIR.M.RO.B.A2A.A.R.A.2240.RON.N,M,RO,B,A2A,A,R,A,2240,RON,N,2017-09,3.92,A,F,,,P1M,,A,,,,,,,,,,4,,RO2,Bank interest rates - loans to corporations (new business) ,"Romania, Annualised agreed rate (AAR) / Narrowly defined effective rate (NDER), Credit and other institutions (MFI except MMFs and central banks) reporting sector - Loans other than revolving loans and overdrafts, convenience and extended credit card debt, Total initial rate fixation, Total amount, New business coverage, Non-Financial corporations (S.11) sector, denominated in Romanian leu",PCPA,0
MIR.M.RO.B.A2A.A.R.A.2240.RON.N,M,RO,B,A2A,A,R,A,2240,RON,N,2017-10,,Q,F,,,P1M,,A,,,,,,,,,,4,,RO2,Bank interest rates - loans to corporations (new business) ,"Romania, Annualised agreed rate (AAR) / Narrowly defined effective rate (NDER), Credit and other institutions (MFI except MMFs and central banks) reporting sector - Loans other than revolving loans and overdrafts, convenience and extended credit card debt, Total initial rate fixation, Total amount, New business coverage, Non-Financial corporations (S.11) sector, denominated in Romanian leu",PCPA,0
MIR.M.RO.B.A2A.A.R.A.2240.RON.N,M,RO,B,A2A,A,R,A,2240,RON,N,2017-11,4.69,A,F,,,P1M,,A,,,,,,,,,,4,,RO2,Bank interest rates - loans to corporations (new business) ,"Romania, Annualised agreed rate (AAR) / Narrowly defined effective rate (NDER), Credit and other institutions (MFI except MMFs and central banks) reporting sector - Loans other than revolving loans and overdrafts, convenience and extended credit card debt, Total initial rate fixation, Total amount, New business coverage, Non-Financial corporations (S.11) sector, denominated in Romanian leu",PCPA,0
MIR.M.RO.B.A2A.A.R.A.2240.RON.N,M,RO,B,A2A,A,R,A,2240,RON,N,2017-12,4.94,A,F,,,P1M,,A,,,,,,,,,,4,,RO2,Bank interest rates - loans to corporations (new business) ,"Romania, Annualised agreed rate (AAR) / Narrowly defined effective rate (NDER), Credit and other institutions (MFI except MMFs and central banks) reporting sector - Loans other than revolving loans and overdrafts, convenience and extended credit card debt, Total initial rate fixation, Total amount, New business coverage, Non-Financial corporations (S.11) sector, denominated in Romanian leu",PCPA,0
MIR.M.RO.B.A2A.A.R.A.2240.RON.N,M,RO,B,A2A,A,R,A,2240,RON,N,2018-01,4.86,A,F,,,P1M,,A,,,,,,,,,,4,,RO2,Bank interest rates - loans to corporations (new business) ,"Romania, Annualised agreed rate (AAR) / Narrowly defined effective rate (NDER), Credit and other institutions (MFI except MMFs and central banks) reporting sector - Loans other than revolving loans and overdrafts, convenience and extended credit card debt, Total initial rate fixation, Total amount, New business coverage, Non-Financial corporations (S.11) sector, denominated in Romanian leu",PCPA,0
MIR.M.RO.B.A2A.A.R.A.2240.RON.N,M,RO,B,A2A,A,R,A,2240,RON,N,2018-02,5.02,A,F,,,P1M,,A,,,,,,,,,,4,,RO2,Bank interest rates - loans to corporations (new business) ,"Romania, Annualised agreed rate (AAR) / Narrowly defined effective rate (NDER), Credit and other institutions (MFI except MMFs and central banks) reporting sector - Loans other than revolving loans and overdrafts, convenience and extended credit card debt, Total initial rate fixation, Total amount, New business coverage, Non-Financial corporations (S.11) sector, denominated in Romanian leu",PCPA,0
MIR.M.RO.B.A2A.A.R.A.2240.RON.N,M,RO,B,A2A,A,R,A,2240,RON,N,2018-03,5.05,A,F,,,P1M,,A,,,,,,,,,,4,,RO2,Bank interest rates - loans to corporations (new business) ,"Romania, Annualised agreed rate (AAR) / Narrowly defined effective rate (NDER), Credit and other institutions (MFI except MMFs and central banks) reporting sector - Loans other than revolving loans and overdrafts, convenience and extended credit card debt, Total initial rate fixation, Total amount, New business coverage, Non-Financial corporations (S.11) sector, denominated in Romanian leu",PCPA,0
MIR.M.RO.B.A2A.A.R.A.2240.RON.N,M,RO,B,A2A,A,R,A,2240,RON,N,2018-04,,Q,F,,,P1M,,A,,,,,,,,,,4,,RO2,Bank interest rates - loans to corporations (new business) ,"Romania, Annualised agreed rate (AAR) / Narrowly defined effective rate (NDER), Credit and other institutions (MFI except MMFs and central banks) reporting sector - Loans other than revolving loans and overdrafts, convenience and extended credit card debt, Total initial rate fixation, Total amount, New business coverage, Non-Financial corporations (S.11) sector, denominated in Romanian leu",PCPA,0
MIR.M.RO.B.A2A.A.R.A.2240.RON.N,M,RO,B,A2A,A,R,A,2240,RON,N,2018-05,,Q,F,,,P1M,,A,,,,,,,,,,4,,RO2,Bank interest rates - loans to corporations (new business) ,"Romania, Annualised agreed rate (AAR) / Narrowly defined effective rate (NDER), Credit and other institutions (MFI except MMFs and central banks) reporting sector - Loans other than revolving loans and overdrafts, convenience and extended credit card debt, Total initial rate fixation, Total amount, New business coverage, Non-Financial corporations (S.11) sector, denominated in Romanian leu",PCPA,0
MIR.M.RO.B.A2A.A.R.A.2240.RON.N,M,RO,B,A2A,A,R,A,2240,RON,N,2018-06,5.57,A,F,,,P1M,,A,,,,,,,,,,4,,RO2,Bank interest rates - loans to corporations (new business) ,"Romania, Annualised agreed rate (AAR) / Narrowly defined effective rate (NDER), Credit and other institutions (MFI except MMFs and central banks) reporting sector - Loans other than revolving loans and overdrafts, convenience and extended credit card debt, Total initial rate fixation, Total amount, New business coverage, Non-Financial corporations (S.11) sector, denominated in Romanian leu",PCPA,0
MIR.M.RO.B.A2A.A.R.A.2240.RON.N,M,RO,B,A2A,A,R,A,2240,RON,N,2018-07,5.9,A,F,,,P1M,,A,,,,,,,,,,4,,RO2,Bank interest rates - loans to corporations (new business) ,"Romania, Annualised agreed rate (AAR) / Narrowly defined effective rate (NDER), Credit and other institutions (MFI except MMFs and central banks) reporting sector - Loans other than revolving loans and overdrafts, convenience and extended credit card debt, Total initial rate fixation, Total amount, New business coverage, Non-Financial corporations (S.11) sector, denominated in Romanian leu",PCPA,0
MIR.M.RO.B.A2A.A.R.A.2240.RON.N,M,RO,B,A2A,A,R,A,2240,RON,N,2018-08,6.02,A,F,,,P1M,,A,,,,,,,,,,4,,RO2,Bank interest rates - loans to corporations (new business) ,"Romania, Annualised agreed rate (AAR) / Narrowly defined effective rate (NDER), Credit and other institutions (MFI except MMFs and central banks) reporting sector - Loans other than revolving loans and overdrafts, convenience and extended credit card debt, Total initial rate fixation, Total amount, New business coverage, Non-Financial corporations (S.11) sector, denominated in Romanian leu",PCPA,0
MIR.M.RO.B.A2A.A.R.A.2240.RON.N,M,RO,B,A2A,A,R,A,2240,RON,N,2018-09,5.87,A,F,,,P1M,,A,,,,,,,,,,4,,RO2,Bank interest rates - loans to corporations (new business) ,"Romania, Annualised agreed rate (AAR) / Narrowly defined effective rate (NDER), Credit and other institutions (MFI except MMFs and central banks) reporting sector - Loans other than revolving loans and overdrafts, convenience and extended credit card debt, Total initial rate fixation, Total amount, New business coverage, Non-Financial corporations (S.11) sector, denominated in Romanian leu",PCPA,0
MIR.M.RO.B.A2A.A.R.A.2240.RON.N,M,RO,B,A2A,A,R,A,2240,RON,N,2018-10,6.06,A,F,,,P1M,,A,,,,,,,,,,4,,RO2,Bank interest rates - loans to corporations (new business) ,"Romania, Annualised agreed rate (AAR) / Narrowly defined effective rate (NDER), Credit and other institutions (MFI except MMFs and central banks) reporting sector - Loans other than revolving loans and overdrafts, convenience and extended credit card debt, Total initial rate fixation, Total amount, New business coverage, Non-Financial corporations (S.11) sector, denominated in Romanian leu",PCPA,0
MIR.M.RO.B.A2A.A.R.A.2240.RON.N,M,RO,B,A2A,A,R,A,2240,RON,N,2018-11,6.12,A,F,,,P1M,,A,,,,,,,,,,4,,RO2,Bank interest rates - loans to corporations (new business) ,"Romania, Annualised agreed rate (AAR) / Narrowly defined effective rate (NDER), Credit and other institutions (MFI except MMFs and central banks) reporting sector - Loans other than revolving loans and overdrafts, convenience and extended credit card debt, Total initial rate fixation, Total amount, New business coverage, Non-Financial corporations (S.11) sector, denominated in Romanian leu",PCPA,0
MIR.M.RO.B.A2A.A.R.A.2240.RON.N,M,RO,B,A2A,A,R,A,2240,RON,N,2018-12,5.83,A,F,,,P1M,,A,,,,,,,,,,4,,RO2,Bank interest rates - loans to corporations (new business) ,"Romania, Annualised agreed rate (AAR) / Narrowly defined effective rate (NDER), Credit and other institutions (MFI except MMFs and central banks) reporting sector - Loans other than revolving loans and overdrafts, convenience and extended credit card debt, Total initial rate fixation, Total amount, New business coverage, Non-Financial corporations (S.11) sector, denominated in Romanian leu",PCPA,0
MIR.M.RO.B.A2A.A.R.A.2240.RON.N,M,RO,B,A2A,A,R,A,2240,RON,N,2019-01,5.78,A,F,,,P1M,,A,,,,,,,,,,4,,RO2,Bank interest rates - loans to corporations (new business) ,"Romania, Annualised agreed rate (AAR) / Narrowly defined effective rate (NDER), Credit and other institutions (MFI except MMFs and central banks) reporting sector - Loans other than revolving loans and overdrafts, convenience and extended credit card debt, Total initial rate fixation, Total amount, New business coverage, Non-Financial corporations (S.11) sector, denominated in Romanian leu",PCPA,0
MIR.M.RO.B.A2A.A.R.A.2240.RON.N,M,RO,B,A2A,A,R,A,2240,RON,N,2019-02,6.18,A,F,,,P1M,,A,,,,,,,,,,4,,RO2,Bank interest rates - loans to corporations (new business) ,"Romania, Annualised agreed rate (AAR) / Narrowly defined effective rate (NDER), Credit and other institutions (MFI except MMFs and central banks) reporting sector - Loans other than revolving loans and overdrafts, convenience and extended credit card debt, Total initial rate fixation, Total amount, New business coverage, Non-Financial corporations (S.11) sector, denominated in Romanian leu",PCPA,0
MIR.M.RO.B.A2A.A.R.A.2240.RON.N,M,RO,B,A2A,A,R,A,2240,RON,N,2019-03,,Q,F,,,P1M,,A,,,,,,,,,,4,,RO2,Bank interest rates - loans to corporations (new business) ,"Romania, Annualised agreed rate (AAR) / Narrowly defined effective rate (NDER), Credit and other institutions (MFI except MMFs and central banks) reporting sector - Loans other than revolving loans and overdrafts, convenience and extended credit card debt, Total initial rate fixation, Total amount, New business coverage, Non-Financial corporations (S.11) sector, denominated in Romanian leu",PCPA,0
MIR.M.RO.B.A2A.A.R.A.2240.RON.N,M,RO,B,A2A,A,R,A,2240,RON,N,2019-04,6.19,A,F,,,P1M,,A,,,,,,,,,,4,,RO2,Bank interest rates - loans to corporations (new business) ,"Romania, Annualised agreed rate (AAR) / Narrowly defined effective rate (NDER), Credit and other institutions (MFI except MMFs and central banks) reporting sector - Loans other than revolving loans and overdrafts, convenience and extended credit card debt, Total initial rate fixation, Total amount, New business coverage, Non-Financial corporations (S.11) sector, denominated in Romanian leu",PCPA,0
MIR.M.RO.B.A2A.A.R.A.2240.RON.N,M,RO,B,A2A,A,R,A,2240,RON,N,2019-05,6.36,A,F,,,P1M,,A,,,,,,,,,,4,,RO2,Bank interest rates - loans to corporations (new business) ,"Romania, Annualised agreed rate (AAR) / Narrowly defined effective rate (NDER), Credit and other institutions (MFI except MMFs and central banks) reporting sector - Loans other than revolving loans and overdrafts, convenience and extended credit card debt, Total initial rate fixation, Total amount, New business coverage, Non-Financial corporations (S.11) sector, denominated in Romanian leu",PCPA,0
MIR.M.RO.B.A2A.A.R.A.2240.RON.N,M,RO,B,A2A,A,R,A,2240,RON,N,2019-06,,Q,F,,,P1M,,A,,,,,,,,,,4,,RO2,Bank interest rates - loans to corporations (new business) ,"Romania, Annualised agreed rate (AAR) / Narrowly defined effective rate (NDER), Credit and other institutions (MFI except MMFs and central banks) reporting sector - Loans other than revolving loans and overdrafts, convenience and extended credit card debt, Total initial rate fixation, Total amount, New business coverage, Non-Financial corporations (S.11) sector, denominated in Romanian leu",PCPA,0
MIR.M.RO.B.A2A.A.R.A.2240.RON.N,M,RO,B,A2A,A,R,A,2240,RON,N,2019-07,,Q,F,,,P1M,,A,,,,,,,,,,4,,RO2,Bank interest rates - loans to corporations (new business) ,"Romania, Annualised agreed rate (AAR) / Narrowly defined effective rate (NDER), Credit and other institutions (MFI except MMFs and central banks) reporting sector - Loans other than revolving loans and overdrafts, convenience and extended credit card debt, Total initial rate fixation, Total amount, New business coverage, Non-Financial corporations (S.11) sector, denominated in Romanian leu",PCPA,0
MIR.M.RO.B.A2A.A.R.A.2240.RON.N,M,RO,B,A2A,A,R,A,2240,RON,N,2019-08,5.58,A,F,,,P1M,,A,,,,,,,,,,4,,RO2,Bank interest rates - loans to corporations (new business) ,"Romania, Annualised agreed rate (AAR) / Narrowly defined effective rate (NDER), Credit and other institutions (MFI except MMFs and central banks) reporting sector - Loans other than revolving loans and overdrafts, convenience and extended credit card debt, Total initial rate fixation, Total amount, New business coverage, Non-Financial corporations (S.11) sector, denominated in Romanian leu",PCPA,0
MIR.M.RO.B.A2A.A.R.A.2240.RON.N,M,RO,B,A2A,A,R,A,2240,RON,N,2019-09,5.8,A,F,,,P1M,,A,,,,,,,,,,4,,RO2,Bank interest rates - loans to corporations (new business) ,"Romania, Annualised agreed rate (AAR) / Narrowly defined effective rate (NDER), Credit and other institutions (MFI except MMFs and central banks) reporting sector - Loans other than revolving loans and overdrafts, convenience and extended credit card debt, Total initial rate fixation, Total amount, New business coverage, Non-Financial corporations (S.11) sector, denominated in Romanian leu",PCPA,0
MIR.M.RO.B.A2A.A.R.A.2240.RON.N,M,RO,B,A2A,A,R,A,2240,RON,N,2019-10,5.87,A,F,,,P1M,,A,,,,,,,,,,4,,RO2,Bank interest rates - loans to corporations (new business) ,"Romania, Annualised agreed rate (AAR) / Narrowly defined effective rate (NDER), Credit and other institutions (MFI except MMFs and central banks) reporting sector - Loans other than revolving loans and overdrafts, convenience and extended credit card debt, Total initial rate fixation, Total amount, New business coverage, Non-Financial corporations (S.11) sector, denominated in Romanian leu",PCPA,0
MIR.M.RO.B.A2A.A.R.A.2240.RON.N,M,RO,B,A2A,A,R,A,2240,RON,N,2019-11,5.9,A,F,,,P1M,,A,,,,,,,,,,4,,RO2,Bank interest rates - loans to corporations (new business) ,"Romania, Annualised agreed rate (AAR) / Narrowly defined effective rate (NDER), Credit and other institutions (MFI except MMFs and central banks) reporting sector - Loans other than revolving loans and overdrafts, convenience and extended credit card debt, Total initial rate fixation, Total amount, New business coverage, Non-Financial corporations (S.11) sector, denominated in Romanian leu",PCPA,0
MIR.M.RO.B.A2A.A.R.A.2240.RON.N,M,RO,B,A2A,A,R,A,2240,RON,N,2019-12,,Q,F,,,P1M,,A,,,,,,,,,,4,,RO2,Bank interest rates - loans to corporations (new business) ,"Romania, Annualised agreed rate (AAR) / Narrowly defined effective rate (NDER), Credit and other institutions (MFI except MMFs and central banks) reporting sector - Loans other than revolving loans and overdrafts, convenience and extended credit card debt, Total initial rate fixation, Total amount, New business coverage, Non-Financial corporations (S.11) sector, denominated in Romanian leu",PCPA,0
MIR.M.RO.B.A2A.A.R.A.2240.RON.N,M,RO,B,A2A,A,R,A,2240,RON,N,2020-01,,Q,F,,,P1M,,A,,,,,,,,,,4,,RO2,Bank interest rates - loans to corporations (new business) ,"Romania, Annualised agreed rate (AAR) / Narrowly defined effective rate (NDER), Credit and other institutions (MFI except MMFs and central banks) reporting sector - Loans other than revolving loans and overdrafts, convenience and extended credit card debt, Total initial rate fixation, Total amount, New business coverage, Non-Financial corporations (S.11) sector, denominated in Romanian leu",PCPA,0
MIR.M.RO.B.A2A.A.R.A.2240.RON.N,M,RO,B,A2A,A,R,A,2240,RON,N,2020-02,,Q,F,,,P1M,,A,,,,,,,,,,4,,RO2,Bank interest rates - loans to corporations (new business) ,"Romania, Annualised agreed rate (AAR) / Narrowly defined effective rate (NDER), Credit and other institutions (MFI except MMFs and central banks) reporting sector - Loans other than revolving loans and overdrafts, convenience and extended credit card debt, Total initial rate fixation, Total amount, New business coverage, Non-Financial corporations (S.11) sector, denominated in Romanian leu",PCPA,0
MIR.M.RO.B.A2A.A.R.A.2240.RON.N,M,RO,B,A2A,A,R,A,2240,RON,N,2020-03,5.53,A,F,,,P1M,,A,,,,,,,,,,4,,RO2,Bank interest rates - loans to corporations (new business) ,"Romania, Annualised agreed rate (AAR) / Narrowly defined effective rate (NDER), Credit and other institutions (MFI except MMFs and central banks) reporting sector - Loans other than revolving loans and overdrafts, convenience and extended credit card debt, Total initial rate fixation, Total amount, New business coverage, Non-Financial corporations (S.11) sector, denominated in Romanian leu",PCPA,0
MIR.M.RO.B.A2A.A.R.A.2240.RON.N,M,RO,B,A2A,A,R,A,2240,RON,N,2020-04,,Q,F,,,P1M,,A,,,,,,,,,,4,,RO2,Bank interest rates - loans to corporations (new business) ,"Romania, Annualised agreed rate (AAR) / Narrowly defined effective rate (NDER), Credit and other institutions (MFI except MMFs and central banks) reporting sector - Loans other than revolving loans and overdrafts, convenience and extended credit card debt, Total initial rate fixation, Total amount, New business coverage, Non-Financial corporations (S.11) sector, denominated in Romanian leu",PCPA,0
MIR.M.RO.B.A2A.A.R.A.2240.RON.N,M,RO,B,A2A,A,R,A,2240,RON,N,2020-05,5.33,A,F,,,P1M,,A,,,,,,,,,,4,,RO2,Bank interest rates - loans to corporations (new business) ,"Romania, Annualised agreed rate (AAR) / Narrowly defined effective rate (NDER), Credit and other institutions (MFI except MMFs and central banks) reporting sector - Loans other than revolving loans and overdrafts, convenience and extended credit card debt, Total initial rate fixation, Total amount, New business coverage, Non-Financial corporations (S.11) sector, denominated in Romanian leu",PCPA,0
MIR.M.RO.B.A2A.A.R.A.2240.RON.N,M,RO,B,A2A,A,R,A,2240,RON,N,2020-06,4.89,A,F,,,P1M,,A,,,,,,,,,,4,,RO2,Bank interest rates - loans to corporations (new business) ,"Romania, Annualised agreed rate (AAR) / Narrowly defined effective rate (NDER), Credit and other institutions (MFI except MMFs and central banks) reporting sector - Loans other than revolving loans and overdrafts, convenience and extended credit card debt, Total initial rate fixation, Total amount, New business coverage, Non-Financial corporations (S.11) sector, denominated in Romanian leu",PCPA,0
MIR.M.RO.B.A2A.A.R.A.2240.RON.N,M,RO,B,A2A,A,R,A,2240,RON,N,2020-07,4.48,A,F,,,P1M,,A,,,,,,,,,,4,,RO2,Bank interest rates - loans to corporations (new business) ,"Romania, Annualised agreed rate (AAR) / Narrowly defined effective rate (NDER), Credit and other institutions (MFI except MMFs and central banks) reporting sector - Loans other than revolving loans and overdrafts, convenience and extended credit card debt, Total initial rate fixation, Total amount, New business coverage, Non-Financial corporations (S.11) sector, denominated in Romanian leu",PCPA,0
MIR.M.RO.B.A2A.A.R.A.2240.RON.N,M,RO,B,A2A,A,R,A,2240,RON,N,2020-08,4.82,A,F,,,P1M,,A,,,,,,,,,,4,,RO2,Bank interest rates - loans to corporations (new business) ,"Romania, Annualised agreed rate (AAR) / Narrowly defined effective rate (NDER), Credit and other institutions (MFI except MMFs and central banks) reporting sector - Loans other than revolving loans and overdrafts, convenience and extended credit card debt, Total initial rate fixation, Total amount, New business coverage, Non-Financial corporations (S.11) sector, denominated in Romanian leu",PCPA,0
MIR.M.RO.B.A2A.A.R.A.2240.RON.N,M,RO,B,A2A,A,R,A,2240,RON,N,2020-09,4.43,A,F,,,P1M,,A,,,,,,,,,,4,,RO2,Bank interest rates - loans to corporations (new business) ,"Romania, Annualised agreed rate (AAR) / Narrowly defined effective rate (NDER), Credit and other institutions (MFI except MMFs and central banks) reporting sector - Loans other than revolving loans and overdrafts, convenience and extended credit card debt, Total initial rate fixation, Total amount, New business coverage, Non-Financial corporations (S.11) sector, denominated in Romanian leu",PCPA,0
MIR.M.RO.B.A2A.A.R.A.2240.RON.N,M,RO,B,A2A,A,R,A,2240,RON,N,2020-10,4.47,A,F,,,P1M,,A,,,,,,,,,,4,,RO2,Bank interest rates - loans to corporations (new business) ,"Romania, Annualised agreed rate (AAR) / Narrowly defined effective rate (NDER), Credit and other institutions (MFI except MMFs and central banks) reporting sector - Loans other than revolving loans and overdrafts, convenience and extended credit card debt, Total initial rate fixation, Total amount, New business coverage, Non-Financial corporations (S.11) sector, denominated in Romanian leu",PCPA,0
MIR.M.RO.B.A2A.A.R.A.2240.RON.N,M,RO,B,A2A,A,R,A,2240,RON,N,2020-11,4.67,A,F,,,P1M,,A,,,,,,,,,,4,,RO2,Bank interest rates - loans to corporations (new business) ,"Romania, Annualised agreed rate (AAR) / Narrowly defined effective rate (NDER), Credit and other institutions (MFI except MMFs and central banks) reporting sector - Loans other than revolving loans and overdrafts, convenience and extended credit card debt, Total initial rate fixation, Total amount, New business coverage, Non-Financial corporations (S.11) sector, denominated in Romanian leu",PCPA,0
MIR.M.RO.B.A2A.A.R.A.2240.RON.N,M,RO,B,A2A,A,R,A,2240,RON,N,2020-12,,Q,F,,,P1M,,A,,,,,,,,,,4,,RO2,Bank interest rates - loans to corporations (new business) ,"Romania, Annualised agreed rate (AAR) / Narrowly defined effective rate (NDER), Credit and other institutions (MFI except MMFs and central banks) reporting sector - Loans other than revolving loans and overdrafts, convenience and extended credit card debt, Total initial rate fixation, Total amount, New business coverage, Non-Financial corporations (S.11) sector, denominated in Romanian leu",PCPA,0
MIR.M.RO.B.A2A.A.R.A.2240.RON.N,M,RO,B,A2A,A,R,A,2240,RON,N,2021-01,4.59,A,F,,,P1M,,A,,,,,,,,,,4,,RO2,Bank interest rates - loans to corporations (new business) ,"Romania, Annualised agreed rate (AAR) / Narrowly defined effective rate (NDER), Credit and other institutions (MFI except MMFs and central banks) reporting sector - Loans other than revolving loans and overdrafts, convenience and extended credit card debt, Total initial rate fixation, Total amount, New business coverage, Non-Financial corporations (S.11) sector, denominated in Romanian leu",PCPA,0
MIR.M.RO.B.A2A.A.R.A.2240.RON.N,M,RO,B,A2A,A,R,A,2240,RON,N,2021-02,4.36,A,F,,,P1M,,A,,,,,,,,,,4,,RO2,Bank interest rates - loans to corporations (new business) ,"Romania, Annualised agreed rate (AAR) / Narrowly defined effective rate (NDER), Credit and other institutions (MFI except MMFs and central banks) reporting sector - Loans other than revolving loans and overdrafts, convenience and extended credit card debt, Total initial rate fixation, Total amount, New business coverage, Non-Financial corporations (S.11) sector, denominated in Romanian leu",PCPA,0
MIR.M.RO.B.A2A.A.R.A.2240.RON.N,M,RO,B,A2A,A,R,A,2240,RON,N,2021-03,4.46,A,F,,,P1M,,A,,,,,,,,,,4,,RO2,Bank interest rates - loans to corporations (new business) ,"Romania, Annualised agreed rate (AAR) / Narrowly defined effective rate (NDER), Credit and other institutions (MFI except MMFs and central banks) reporting sector - Loans other than revolving loans and overdrafts, convenience and extended credit card debt, Total initial rate fixation, Total amount, New business coverage, Non-Financial corporations (S.11) sector, denominated in Romanian leu",PCPA,0
MIR.M.RO.B.A2A.A.R.A.2240.RON.N,M,RO,B,A2A,A,R,A,2240,RON,N,2021-04,4.22,A,F,,,P1M,,A,,,,,,,,,,4,,RO2,Bank interest rates - loans to corporations (new business) ,"Romania, Annualised agreed rate (AAR) / Narrowly defined effective rate (NDER), Credit and other institutions (MFI except MMFs and central banks) reporting sector - Loans other than revolving loans and overdrafts, convenience and extended credit card debt, Total initial rate fixation, Total amount, New business coverage, Non-Financial corporations (S.11) sector, denominated in Romanian leu",PCPA,0
MIR.M.RO.B.A2A.A.R.A.2240.RON.N,M,RO,B,A2A,A,R,A,2240,RON,N,2021-05,4.09,A,F,,,P1M,,A,,,,,,,,,,4,,RO2,Bank interest rates - loans to corporations (new business) ,"Romania, Annualised agreed rate (AAR) / Narrowly defined effective rate (NDER), Credit and other institutions (MFI except MMFs and central banks) reporting sector - Loans other than revolving loans and overdrafts, convenience and extended credit card debt, Total initial rate fixation, Total amount, New business coverage, Non-Financial corporations (S.11) sector, denominated in Romanian leu",PCPA,0
MIR.M.RO.B.A2A.A.R.A.2240.RON.N,M,RO,B,A2A,A,R,A,2240,RON,N,2021-06,4.18,A,F,,,P1M,,A,,,,,,,,,,4,,RO2,Bank interest rates - loans to corporations (new business) ,"Romania, Annualised agreed rate (AAR) / Narrowly defined effective rate (NDER), Credit and other institutions (MFI except MMFs and central banks) reporting sector - Loans other than revolving loans and overdrafts, convenience and extended credit card debt, Total initial rate fixation, Total amount, New business coverage, Non-Financial corporations (S.11) sector, denominated in Romanian leu",PCPA,0
MIR.M.RO.B.A2A.A.R.A.2240.RON.N,M,RO,B,A2A,A,R,A,2240,RON,N,2021-07,4.01,A,F,,,P1M,,A,,,,,,,,,,4,,RO2,Bank interest rates - loans to corporations (new business) ,"Romania, Annualised agreed rate (AAR) / Narrowly defined effective rate (NDER), Credit and other institutions (MFI except MMFs and central banks) reporting sector - Loans other than revolving loans and overdrafts, convenience and extended credit card debt, Total initial rate fixation, Total amount, New business coverage, Non-Financial corporations (S.11) sector, denominated in Romanian leu",PCPA,0
MIR.M.RO.B.A2A.A.R.A.2240.RON.N,M,RO,B,A2A,A,R,A,2240,RON,N,2021-08,3.92,A,F,,,P1M,,A,,,,,,,,,,4,,RO2,Bank interest rates - loans to corporations (new business) ,"Romania, Annualised agreed rate (AAR) / Narrowly defined effective rate (NDER), Credit and other institutions (MFI except MMFs and central banks) reporting sector - Loans other than revolving loans and overdrafts, convenience and extended credit card debt, Total initial rate fixation, Total amount, New business coverage, Non-Financial corporations (S.11) sector, denominated in Romanian leu",PCPA,0
MIR.M.RO.B.A2A.A.R.A.2240.RON.N,M,RO,B,A2A,A,R,A,2240,RON,N,2021-09,,Q,F,,,P1M,,A,,,,,,,,,,4,,RO2,Bank interest rates - loans to corporations (new business) ,"Romania, Annualised agreed rate (AAR) / Narrowly defined effective rate (NDER), Credit and other institutions (MFI except MMFs and central banks) reporting sector - Loans other than revolving loans and overdrafts, convenience and extended credit card debt, Total initial rate fixation, Total amount, New business coverage, Non-Financial corporations (S.11) sector, denominated in Romanian leu",PCPA,0
MIR.M.RO.B.A2A.A.R.A.2240.RON.N,M,RO,B,A2A,A,R,A,2240,RON,N,2021-10,4.15,A,F,,,P1M,,A,,,,,,,,,,4,,RO2,Bank interest rates - loans to corporations (new business) ,"Romania, Annualised agreed rate (AAR) / Narrowly defined effective rate (NDER), Credit and other institutions (MFI except MMFs and central banks) reporting sector - Loans other than revolving loans and overdrafts, convenience and extended credit card debt, Total initial rate fixation, Total amount, New business coverage, Non-Financial corporations (S.11) sector, denominated in Romanian leu",PCPA,0
MIR.M.RO.B.A2A.A.R.A.2240.RON.N,M,RO,B,A2A,A,R,A,2240,RON,N,2021-11,4.67,A,F,,,P1M,,A,,,,,,,,,,4,,RO2,Bank interest rates - loans to corporations (new business) ,"Romania, Annualised agreed rate (AAR) / Narrowly defined effective rate (NDER), Credit and other institutions (MFI except MMFs and central banks) reporting sector - Loans other than revolving loans and overdrafts, convenience and extended credit card debt, Total initial rate fixation, Total amount, New business coverage, Non-Financial corporations (S.11) sector, denominated in Romanian leu",PCPA,0
MIR.M.RO.B.A2A.A.R.A.2240.RON.N,M,RO,B,A2A,A,R,A,2240,RON,N,2021-12,4.58,A,F,,,P1M,,A,,,,,,,,,,4,,RO2,Bank interest rates - loans to corporations (new business) ,"Romania, Annualised agreed rate (AAR) / Narrowly defined effective rate (NDER), Credit and other institutions (MFI except MMFs and central banks) reporting sector - Loans other than revolving loans and overdrafts, convenience and extended credit card debt, Total initial rate fixation, Total amount, New business coverage, Non-Financial corporations (S.11) sector, denominated in Romanian leu",PCPA,0
MIR.M.RO.B.A2A.A.R.A.2240.RON.N,M,RO,B,A2A,A,R,A,2240,RON,N,2022-01,5.32,A,F,,,P1M,,A,,,,,,,,,,4,,RO2,Bank interest rates - loans to corporations (new business) ,"Romania, Annualised agreed rate (AAR) / Narrowly defined effective rate (NDER), Credit and other institutions (MFI except MMFs and central banks) reporting sector - Loans other than revolving loans and overdrafts, convenience and extended credit card debt, Total initial rate fixation, Total amount, New business coverage, Non-Financial corporations (S.11) sector, denominated in Romanian leu",PCPA,0
MIR.M.RO.B.A2A.A.R.A.2240.RON.N,M,RO,B,A2A,A,R,A,2240,RON,N,2022-02,5.47,A,F,,,P1M,,A,,,,,,,,,,4,,RO2,Bank interest rates - loans to corporations (new business) ,"Romania, Annualised agreed rate (AAR) / Narrowly defined effective rate (NDER), Credit and other institutions (MFI except MMFs and central banks) reporting sector - Loans other than revolving loans and overdrafts, convenience and extended credit card debt, Total initial rate fixation, Total amount, New business coverage, Non-Financial corporations (S.11) sector, denominated in Romanian leu",PCPA,0
MIR.M.RO.B.A2A.A.R.A.2240.RON.N,M,RO,B,A2A,A,R,A,2240,RON,N,2022-03,6,A,F,,,P1M,,A,,,,,,,,,,4,,RO2,Bank interest rates - loans to corporations (new business) ,"Romania, Annualised agreed rate (AAR) / Narrowly defined effective rate (NDER), Credit and other institutions (MFI except MMFs and central banks) reporting sector - Loans other than revolving loans and overdrafts, convenience and extended credit card debt, Total initial rate fixation, Total amount, New business coverage, Non-Financial corporations (S.11) sector, denominated in Romanian leu",PCPA,0
MIR.M.RO.B.A2A.A.R.A.2240.RON.N,M,RO,B,A2A,A,R,A,2240,RON,N,2022-04,6.69,A,F,,,P1M,,A,,,,,,,,,,4,,RO2,Bank interest rates - loans to corporations (new business) ,"Romania, Annualised agreed rate (AAR) / Narrowly defined effective rate (NDER), Credit and other institutions (MFI except MMFs and central banks) reporting sector - Loans other than revolving loans and overdrafts, convenience and extended credit card debt, Total initial rate fixation, Total amount, New business coverage, Non-Financial corporations (S.11) sector, denominated in Romanian leu",PCPA,0
MIR.M.RO.B.A2A.A.R.A.2240.RON.N,M,RO,B,A2A,A,R,A,2240,RON,N,2022-05,7.34,A,F,,,P1M,,A,,,,,,,,,,4,,RO2,Bank interest rates - loans to corporations (new business) ,"Romania, Annualised agreed rate (AAR) / Narrowly defined effective rate (NDER), Credit and other institutions (MFI except MMFs and central banks) reporting sector - Loans other than revolving loans and overdrafts, convenience and extended credit card debt, Total initial rate fixation, Total amount, New business coverage, Non-Financial corporations (S.11) sector, denominated in Romanian leu",PCPA,0
MIR.M.RO.B.A2A.A.R.A.2240.RON.N,M,RO,B,A2A,A,R,A,2240,RON,N,2022-06,7.75,A,F,,,P1M,,A,,,,,,,,,,4,,RO2,Bank interest rates - loans to corporations (new business) ,"Romania, Annualised agreed rate (AAR) / Narrowly defined effective rate (NDER), Credit and other institutions (MFI except MMFs and central banks) reporting sector - Loans other than revolving loans and overdrafts, convenience and extended credit card debt, Total initial rate fixation, Total amount, New business coverage, Non-Financial corporations (S.11) sector, denominated in Romanian leu",PCPA,0
MIR.M.RO.B.A2A.A.R.A.2240.RON.N,M,RO,B,A2A,A,R,A,2240,RON,N,2022-07,8.86,A,F,,,P1M,,A,,,,,,,,,,4,,RO2,Bank interest rates - loans to corporations (new business) ,"Romania, Annualised agreed rate (AAR) / Narrowly defined effective rate (NDER), Credit and other institutions (MFI except MMFs and central banks) reporting sector - Loans other than revolving loans and overdrafts, convenience and extended credit card debt, Total initial rate fixation, Total amount, New business coverage, Non-Financial corporations (S.11) sector, denominated in Romanian leu",PCPA,0
MIR.M.RO.B.A2A.A.R.A.2240.RON.N,M,RO,B,A2A,A,R,A,2240,RON,N,2022-08,9.59,A,F,,,P1M,,A,,,,,,,,,,4,,RO2,Bank interest rates - loans to corporations (new business) ,"Romania, Annualised agreed rate (AAR) / Narrowly defined effective rate (NDER), Credit and other institutions (MFI except MMFs and central banks) reporting sector - Loans other than revolving loans and overdrafts, convenience and extended credit card debt, Total initial rate fixation, Total amount, New business coverage, Non-Financial corporations (S.11) sector, denominated in Romanian leu",PCPA,0
MIR.M.RO.B.A2A.A.R.A.2240.RON.N,M,RO,B,A2A,A,R,A,2240,RON,N,2022-09,9.82,A,F,,,P1M,,A,,,,,,,,,,4,,RO2,Bank interest rates - loans to corporations (new business) ,"Romania, Annualised agreed rate (AAR) / Narrowly defined effective rate (NDER), Credit and other institutions (MFI except MMFs and central banks) reporting sector - Loans other than revolving loans and overdrafts, convenience and extended credit card debt, Total initial rate fixation, Total amount, New business coverage, Non-Financial corporations (S.11) sector, denominated in Romanian leu",PCPA,0
MIR.M.RO.B.A2A.A.R.A.2240.RON.N,M,RO,B,A2A,A,R,A,2240,RON,N,2022-10,10.28,A,F,,,P1M,,A,,,,,,,,,,4,,RO2,Bank interest rates - loans to corporations (new business) ,"Romania, Annualised agreed rate (AAR) / Narrowly defined effective rate (NDER), Credit and other institutions (MFI except MMFs and central banks) reporting sector - Loans other than revolving loans and overdrafts, convenience and extended credit card debt, Total initial rate fixation, Total amount, New business coverage, Non-Financial corporations (S.11) sector, denominated in Romanian leu",PCPA,0
MIR.M.RO.B.A2A.A.R.A.2240.RON.N,M,RO,B,A2A,A,R,A,2240,RON,N,2022-11,10.3,A,F,,,P1M,,A,,,,,,,,,,4,,RO2,Bank interest rates - loans to corporations (new business) ,"Romania, Annualised agreed rate (AAR) / Narrowly defined effective rate (NDER), Credit and other institutions (MFI except MMFs and central banks) reporting sector - Loans other than revolving loans and overdrafts, convenience and extended credit card debt, Total initial rate fixation, Total amount, New business coverage, Non-Financial corporations (S.11) sector, denominated in Romanian leu",PCPA,0
MIR.M.RO.B.A2A.A.R.A.2240.RON.N,M,RO,B,A2A,A,R,A,2240,RON,N,2022-12,9.93,A,F,,,P1M,,A,,,,,,,,,,4,,RO2,Bank interest rates - loans to corporations (new business) ,"Romania, Annualised agreed rate (AAR) / Narrowly defined effective rate (NDER), Credit and other institutions (MFI except MMFs and central banks) reporting sector - Loans other than revolving loans and overdrafts, convenience and extended credit card debt, Total initial rate fixation, Total amount, New business coverage, Non-Financial corporations (S.11) sector, denominated in Romanian leu",PCPA,0
MIR.M.RO.B.A2A.A.R.A.2240.RON.N,M,RO,B,A2A,A,R,A,2240,RON,N,2023-01,9.59,A,F,,,P1M,,A,,,,,,,,,,4,,RO2,Bank interest rates - loans to corporations (new business) ,"Romania, Annualised agreed rate (AAR) / Narrowly defined effective rate (NDER), Credit and other institutions (MFI except MMFs and central banks) reporting sector - Loans other than revolving loans and overdrafts, convenience and extended credit card debt, Total initial rate fixation, Total amount, New business coverage, Non-Financial corporations (S.11) sector, denominated in Romanian leu",PCPA,0
MIR.M.RO.B.A2A.A.R.A.2240.RON.N,M,RO,B,A2A,A,R,A,2240,RON,N,2023-02,9.57,A,F,,,P1M,,A,,,,,,,,,,4,,RO2,Bank interest rates - loans to corporations (new business) ,"Romania, Annualised agreed rate (AAR) / Narrowly defined effective rate (NDER), Credit and other institutions (MFI except MMFs and central banks) reporting sector - Loans other than revolving loans and overdrafts, convenience and extended credit card debt, Total initial rate fixation, Total amount, New business coverage, Non-Financial corporations (S.11) sector, denominated in Romanian leu",PCPA,0
MIR.M.RO.B.A2A.A.R.A.2240.RON.N,M,RO,B,A2A,A,R,A,2240,RON,N,2023-03,,Q,F,,,P1M,,A,,,,,,,,,,4,,RO2,Bank interest rates - loans to corporations (new business) ,"Romania, Annualised agreed rate (AAR) / Narrowly defined effective rate (NDER), Credit and other institutions (MFI except MMFs and central banks) reporting sector - Loans other than revolving loans and overdrafts, convenience and extended credit card debt, Total initial rate fixation, Total amount, New business coverage, Non-Financial corporations (S.11) sector, denominated in Romanian leu",PCPA,0
MIR.M.RO.B.A2A.A.R.A.2240.RON.N,M,RO,B,A2A,A,R,A,2240,RON,N,2023-04,9.12,A,F,,,P1M,,A,,,,,,,,,,4,,RO2,Bank interest rates - loans to corporations (new business) ,"Romania, Annualised agreed rate (AAR) / Narrowly defined effective rate (NDER), Credit and other institutions (MFI except MMFs and central banks) reporting sector - Loans other than revolving loans and overdrafts, convenience and extended credit card debt, Total initial rate fixation, Total amount, New business coverage, Non-Financial corporations (S.11) sector, denominated in Romanian leu",PCPA,0
MIR.M.RO.B.A2A.A.R.A.2240.RON.N,M,RO,B,A2A,A,R,A,2240,RON,N,2023-05,9.29,A,F,,,P1M,,A,,,,,,,,,,4,,RO2,Bank interest rates - loans to corporations (new business) ,"Romania, Annualised agreed rate (AAR) / Narrowly defined effective rate (NDER), Credit and other institutions (MFI except MMFs and central banks) reporting sector - Loans other than revolving loans and overdrafts, convenience and extended credit card debt, Total initial rate fixation, Total amount, New business coverage, Non-Financial corporations (S.11) sector, denominated in Romanian leu",PCPA,0
MIR.M.RO.B.A2A.A.R.A.2240.RON.N,M,RO,B,A2A,A,R,A,2240,RON,N,2023-06,9.06,A,F,,,P1M,,A,,,,,,,,,,4,,RO2,Bank interest rates - loans to corporations (new business) ,"Romania, Annualised agreed rate (AAR) / Narrowly defined effective rate (NDER), Credit and other institutions (MFI except MMFs and central banks) reporting sector - Loans other than revolving loans and overdrafts, convenience and extended credit card debt, Total initial rate fixation, Total amount, New business coverage, Non-Financial corporations (S.11) sector, denominated in Romanian leu",PCPA,0
MIR.M.RO.B.A2A.A.R.A.2240.RON.N,M,RO,B,A2A,A,R,A,2240,RON,N,2023-07,8.7,A,F,,,P1M,,A,,,,,,,,,,4,,RO2,Bank interest rates - loans to corporations (new business) ,"Romania, Annualised agreed rate (AAR) / Narrowly defined effective rate (NDER), Credit and other institutions (MFI except MMFs and central banks) reporting sector - Loans other than revolving loans and overdrafts, convenience and extended credit card debt, Total initial rate fixation, Total amount, New business coverage, Non-Financial corporations (S.11) sector, denominated in Romanian leu",PCPA,0
MIR.M.RO.B.A2A.A.R.A.2240.RON.N,M,RO,B,A2A,A,R,A,2240,RON,N,2023-08,8.58,A,F,,,P1M,,A,,,,,,,,,,4,,RO2,Bank interest rates - loans to corporations (new business) ,"Romania, Annualised agreed rate (AAR) / Narrowly defined effective rate (NDER), Credit and other institutions (MFI except MMFs and central banks) reporting sector - Loans other than revolving loans and overdrafts, convenience and extended credit card debt, Total initial rate fixation, Total amount, New business coverage, Non-Financial corporations (S.11) sector, denominated in Romanian leu",PCPA,0
MIR.M.RO.B.A2A.A.R.A.2240.RON.N,M,RO,B,A2A,A,R,A,2240,RON,N,2023-09,8.92,A,F,,,P1M,,A,,,,,,,,,,4,,RO2,Bank interest rates - loans to corporations (new business) ,"Romania, Annualised agreed rate (AAR) / Narrowly defined effective rate (NDER), Credit and other institutions (MFI except MMFs and central banks) reporting sector - Loans other than revolving loans and overdrafts, convenience and extended credit card debt, Total initial rate fixation, Total amount, New business coverage, Non-Financial corporations (S.11) sector, denominated in Romanian leu",PCPA,0
MIR.M.RO.B.A2A.A.R.A.2240.RON.N,M,RO,B,A2A,A,R,A,2240,RON,N,2023-10,8.72,A,F,,,P1M,,A,,,,,,,,,,4,,RO2,Bank interest rates - loans to corporations (new business) ,"Romania, Annualised agreed rate (AAR) / Narrowly defined effective rate (NDER), Credit and other institutions (MFI except MMFs and central banks) reporting sector - Loans other than revolving loans and overdrafts, convenience and extended credit card debt, Total initial rate fixation, Total amount, New business coverage, Non-Financial corporations (S.11) sector, denominated in Romanian leu",PCPA,0
MIR.M.RO.B.A2A.A.R.A.2240.RON.N,M,RO,B,A2A,A,R,A,2240,RON,N,2023-11,8.77,A,F,,,P1M,,A,,,,,,,,,,4,,RO2,Bank interest rates - loans to corporations (new business) ,"Romania, Annualised agreed rate (AAR) / Narrowly defined effective rate (NDER), Credit and other institutions (MFI except MMFs and central banks) reporting sector - Loans other than revolving loans and overdrafts, convenience and extended credit card debt, Total initial rate fixation, Total amount, New business coverage, Non-Financial corporations (S.11) sector, denominated in Romanian leu",PCPA,0
MIR.M.RO.B.A2A.A.R.A.2240.RON.N,M,RO,B,A2A,A,R,A,2240,RON,N,2023-12,,Q,F,,,P1M,,A,,,,,,,,,,4,,RO2,Bank interest rates - loans to corporations (new business) ,"Romania, Annualised agreed rate (AAR) / Narrowly defined effective rate (NDER), Credit and other institutions (MFI except MMFs and central banks) reporting sector - Loans other than revolving loans and overdrafts, convenience and extended credit card debt, Total initial rate fixation, Total amount, New business coverage, Non-Financial corporations (S.11) sector, denominated in Romanian leu",PCPA,0
MIR.M.RO.B.A2A.A.R.A.2240.RON.N,M,RO,B,A2A,A,R,A,2240,RON,N,2024-01,8.74,A,F,,,P1M,,A,,,,,,,,,,4,,RO2,Bank interest rates - loans to corporations (new business) ,"Romania, Annualised agreed rate (AAR) / Narrowly defined effective rate (NDER), Credit and other institutions (MFI except MMFs and central banks) reporting sector - Loans other than revolving loans and overdrafts, convenience and extended credit card debt, Total initial rate fixation, Total amount, New business coverage, Non-Financial corporations (S.11) sector, denominated in Romanian leu",PCPA,0
MIR.M.RO.B.A2A.A.R.A.2240.RON.N,M,RO,B,A2A,A,R,A,2240,RON,N,2024-02,8.79,A,F,,,P1M,,A,,,,,,,,,,4,,RO2,Bank interest rates - loans to corporations (new business) ,"Romania, Annualised agreed rate (AAR) / Narrowly defined effective rate (NDER), Credit and other institutions (MFI except MMFs and central banks) reporting sector - Loans other than revolving loans and overdrafts, convenience and extended credit card debt, Total initial rate fixation, Total amount, New business coverage, Non-Financial corporations (S.11) sector, denominated in Romanian leu",PCPA,0
MIR.M.RO.B.A2A.A.R.A.2240.RON.N,M,RO,B,A2A,A,R,A,2240,RON,N,2024-03,,Q,F,,,P1M,,A,,,,,,,,,,4,,RO2,Bank interest rates - loans to corporations (new business) ,"Romania, Annualised agreed rate (AAR) / Narrowly defined effective rate (NDER), Credit and other institutions (MFI except MMFs and central banks) reporting sector - Loans other than revolving loans and overdrafts, convenience and extended credit card debt, Total initial rate fixation, Total amount, New business coverage, Non-Financial corporations (S.11) sector, denominated in Romanian leu",PCPA,0
MIR.M.RO.B.A2A.A.R.A.2240.RON.N,M,RO,B,A2A,A,R,A,2240,RON,N,2024-04,,Q,F,,,P1M,,A,,,,,,,,,,4,,RO2,Bank interest rates - loans to corporations (new business) ,"Romania, Annualised agreed rate (AAR) / Narrowly defined effective rate (NDER), Credit and other institutions (MFI except MMFs and central banks) reporting sector - Loans other than revolving loans and overdrafts, convenience and extended credit card debt, Total initial rate fixation, Total amount, New business coverage, Non-Financial corporations (S.11) sector, denominated in Romanian leu",PCPA,0
MIR.M.RO.B.A2A.A.R.A.2240.RON.N,M,RO,B,A2A,A,R,A,2240,RON,N,2024-05,,Q,F,,,P1M,,A,,,,,,,,,,4,,RO2,Bank interest rates - loans to corporations (new business) ,"Romania, Annualised agreed rate (AAR) / Narrowly defined effective rate (NDER), Credit and other institutions (MFI except MMFs and central banks) reporting sector - Loans other than revolving loans and overdrafts, convenience and extended credit card debt, Total initial rate fixation, Total amount, New business coverage, Non-Financial corporations (S.11) sector, denominated in Romanian leu",PCPA,0
MIR.M.RO.B.A2A.A.R.A.2240.RON.N,M,RO,B,A2A,A,R,A,2240,RON,N,2024-06,8.15,A,F,,,P1M,,A,,,,,,,,,,4,,RO2,Bank interest rates - loans to corporations (new business) ,"Romania, Annualised agreed rate (AAR) / Narrowly defined effective rate (NDER), Credit and other institutions (MFI except MMFs and central banks) reporting sector - Loans other than revolving loans and overdrafts, convenience and extended credit card debt, Total initial rate fixation, Total amount, New business coverage, Non-Financial corporations (S.11) sector, denominated in Romanian leu",PCPA,0
MIR.M.RO.B.A2A.A.R.A.2240.RON.N,M,RO,B,A2A,A,R,A,2240,RON,N,2024-07,8,A,F,,,P1M,,A,,,,,,,,,,4,,RO2,Bank interest rates - loans to corporations (new business) ,"Romania, Annualised agreed rate (AAR) / Narrowly defined effective rate (NDER), Credit and other institutions (MFI except MMFs and central banks) reporting sector - Loans other than revolving loans and overdrafts, convenience and extended credit card debt, Total initial rate fixation, Total amount, New business coverage, Non-Financial corporations (S.11) sector, denominated in Romanian leu",PCPA,0
MIR.M.RO.B.A2A.A.R.A.2240.RON.N,M,RO,B,A2A,A,R,A,2240,RON,N,2024-08,7.84,A,F,,,P1M,,A,,,,,,,,,,4,,RO2,Bank interest rates - loans to corporations (new business) ,"Romania, Annualised agreed rate (AAR) / Narrowly defined effective rate (NDER), Credit and other institutions (MFI except MMFs and central banks) reporting sector - Loans other than revolving loans and overdrafts, convenience and extended credit card debt, Total initial rate fixation, Total amount, New business coverage, Non-Financial corporations (S.11) sector, denominated in Romanian leu",PCPA,0
MIR.M.RO.B.A2A.A.R.A.2240.RON.N,M,RO,B,A2A,A,R,A,2240,RON,N,2024-09,7.96,A,F,,,P1M,,A,,,,,,,,,,4,,RO2,Bank interest rates - loans to corporations (new business) ,"Romania, Annualised agreed rate (AAR) / Narrowly defined effective rate (NDER), Credit and other institutions (MFI except MMFs and central banks) reporting sector - Loans other than revolving loans and overdrafts, convenience and extended credit card debt, Total initial rate fixation, Total amount, New business coverage, Non-Financial corporations (S.11) sector, denominated in Romanian leu",PCPA,0
MIR.M.RO.B.A2A.A.R.A.2240.RON.N,M,RO,B,A2A,A,R,A,2240,RON,N,2024-10,8.17,A,F,,,P1M,,A,,,,,,,,,,4,,RO2,Bank interest rates - loans to corporations (new business) ,"Romania, Annualised agreed rate (AAR) / Narrowly defined effective rate (NDER), Credit and other institutions (MFI except MMFs and central banks) reporting sector - Loans other than revolving loans and overdrafts, convenience and extended credit card debt, Total initial rate fixation, Total amount, New business coverage, Non-Financial corporations (S.11) sector, denominated in Romanian leu",PCPA,0
MIR.M.RO.B.A2A.A.R.A.2240.RON.N,M,RO,B,A2A,A,R,A,2240,RON,N,2024-11,7.95,A,F,,,P1M,,A,,,,,,,,,,4,,RO2,Bank interest rates - loans to corporations (new business) ,"Romania, Annualised agreed rate (AAR) / Narrowly defined effective rate (NDER), Credit and other institutions (MFI except MMFs and central banks) reporting sector - Loans other than revolving loans and overdrafts, convenience and extended credit card debt, Total initial rate fixation, Total amount, New business coverage, Non-Financial corporations (S.11) sector, denominated in Romanian leu",PCPA,0
MIR.M.RO.B.A2A.A.R.A.2240.RON.N,M,RO,B,A2A,A,R,A,2240,RON,N,2024-12,,Q,F,,,P1M,,A,,,,,,,,,,4,,RO2,Bank interest rates - loans to corporations (new business) ,"Romania, Annualised agreed rate (AAR) / Narrowly defined effective rate (NDER), Credit and other institutions (MFI except MMFs and central banks) reporting sector - Loans other than revolving loans and overdrafts, convenience and extended credit card debt, Total initial rate fixation, Total amount, New business coverage, Non-Financial corporations (S.11) sector, denominated in Romanian leu",PCPA,0
MIR.M.RO.B.A2A.A.R.A.2240.RON.N,M,RO,B,A2A,A,R,A,2240,RON,N,2025-01,8.14,A,F,,,P1M,,A,,,,,,,,,,4,,RO2,Bank interest rates - loans to corporations (new business) ,"Romania, Annualised agreed rate (AAR) / Narrowly defined effective rate (NDER), Credit and other institutions (MFI except MMFs and central banks) reporting sector - Loans other than revolving loans and overdrafts, convenience and extended credit card debt, Total initial rate fixation, Total amount, New business coverage, Non-Financial corporations (S.11) sector, denominated in Romanian leu",PCPA,0
MIR.M.RO.B.A2A.A.R.A.2240.RON.N,M,RO,B,A2A,A,R,A,2240,RON,N,2025-02,8.85,A,F,,,P1M,,A,,,,,,,,,,4,,RO2,Bank interest rates - loans to corporations (new business) ,"Romania, Annualised agreed rate (AAR) / Narrowly defined effective rate (NDER), Credit and other institutions (MFI except MMFs and central banks) reporting sector - Loans other than revolving loans and overdrafts, convenience and extended credit card debt, Total initial rate fixation, Total amount, New business coverage, Non-Financial corporations (S.11) sector, denominated in Romanian leu",PCPA,0
MIR.M.RO.B.A2A.A.R.A.2240.RON.N,M,RO,B,A2A,A,R,A,2240,RON,N,2025-03,8.83,A,F,,,P1M,,A,,,,,,,,,,4,,RO2,Bank interest rates - loans to corporations (new business) ,"Romania, Annualised agreed rate (AAR) / Narrowly defined effective rate (NDER), Credit and other institutions (MFI except MMFs and central banks) reporting sector - Loans other than revolving loans and overdrafts, convenience and extended credit card debt, Total initial rate fixation, Total amount, New business coverage, Non-Financial corporations (S.11) sector, denominated in Romanian leu",PCPA,0
MIR.M.RO.B.A2A.A.R.A.2240.RON.N,M,RO,B,A2A,A,R,A,2240,RON,N,2025-04,,Q,F,,,P1M,,A,,,,,,,,,,4,,RO2,Bank interest rates - loans to corporations (new business) ,"Romania, Annualised agreed rate (AAR) / Narrowly defined effective rate (NDER), Credit and other institutions (MFI except MMFs and central banks) reporting sector - Loans other than revolving loans and overdrafts, convenience and extended credit card debt, Total initial rate fixation, Total amount, New business coverage, Non-Financial corporations (S.11) sector, denominated in Romanian leu",PCPA,0
MIR.M.RO.B.A2A.A.R.A.2240.RON.N,M,RO,B,A2A,A,R,A,2240,RON,N,2025-05,9.18,A,F,,,P1M,,A,,,,,,,,,,4,,RO2,Bank interest rates - loans to corporations (new business) ,"Romania, Annualised agreed rate (AAR) / Narrowly defined effective rate (NDER), Credit and other institutions (MFI except MMFs and central banks) reporting sector - Loans other than revolving loans and overdrafts, convenience and extended credit card debt, Total initial rate fixation, Total amount, New business coverage, Non-Financial corporations (S.11) sector, denominated in Romanian leu",PCPA,0
MIR.M.RO.B.A2A.A.R.A.2240.RON.N,M,RO,B,A2A,A,R,A,2240,RON,N,2025-06,9.18,A,F,,,P1M,,A,,,,,,,,,,4,,RO2,Bank interest rates - loans to corporations (new business) ,"Romania, Annualised agreed rate (AAR) / Narrowly defined effective rate (NDER), Credit and other institutions (MFI except MMFs and central banks) reporting sector - Loans other than revolving loans and overdrafts, convenience and extended credit card debt, Total initial rate fixation, Total amount, New business coverage, Non-Financial corporations (S.11) sector, denominated in Romanian leu",PCPA,0
MIR.M.RO.B.A2A.A.R.A.2240.RON.N,M,RO,B,A2A,A,R,A,2240,RON,N,2025-07,9.01,A,F,,,P1M,,A,,,,,,,,,,4,,RO2,Bank interest rates - loans to corporations (new business) ,"Romania, Annualised agreed rate (AAR) / Narrowly defined effective rate (NDER), Credit and other institutions (MFI except MMFs and central banks) reporting sector - Loans other than revolving loans and overdrafts, convenience and extended credit card debt, Total initial rate fixation, Total amount, New business coverage, Non-Financial corporations (S.11) sector, denominated in Romanian leu",PCPA,0
MIR.M.RO.B.A2A.A.R.A.2240.RON.N,M,RO,B,A2A,A,R,A,2240,RON,N,2025-08,9.18,A,F,,,P1M,,A,,,,,,,,,,4,,RO2,Bank interest rates - loans to corporations (new business) ,"Romania, Annualised agreed rate (AAR) / Narrowly defined effective rate (NDER), Credit and other institutions (MFI except MMFs and central banks) reporting sector - Loans other than revolving loans and overdrafts, convenience and extended credit card debt, Total initial rate fixation, Total amount, New business coverage, Non-Financial corporations (S.11) sector, denominated in Romanian leu",PCPA,0
MIR.M.RO.B.A2A.A.R.A.2240.RON.N,M,RO,B,A2A,A,R,A,2240,RON,N,2025-09,9.32,A,F,,,P1M,,A,,,,,,,,,,4,,RO2,Bank interest rates - loans to corporations (new business) ,"Romania, Annualised agreed rate (AAR) / Narrowly defined effective rate (NDER), Credit and other institutions (MFI except MMFs and central banks) reporting sector - Loans other than revolving loans and overdrafts, convenience and extended credit card debt, Total initial rate fixation, Total amount, New business coverage, Non-Financial corporations (S.11) sector, denominated in Romanian leu",PCPA,0
MIR.M.RO.B.A2A.A.R.A.2240.RON.N,M,RO,B,A2A,A,R,A,2240,RON,N,2025-10,9.18,A,F,,,P1M,,A,,,,,,,,,,4,,RO2,Bank interest rates - loans to corporations (new business) ,"Romania, Annualised agreed rate (AAR) / Narrowly defined effective rate (NDER), Credit and other institutions (MFI except MMFs and central banks) reporting sector - Loans other than revolving loans and overdrafts, convenience and extended credit card debt, Total initial rate fixation, Total amount, New business coverage, Non-Financial corporations (S.11) sector, denominated in Romanian leu",PCPA,0
MIR.M.RO.B.A2A.A.R.A.2240.RON.N,M,RO,B,A2A,A,R,A,2240,RON,N,2025-11,8.76,A,F,,,P1M,,A,,,,,,,,,,4,,RO2,Bank interest rates - loans to corporations (new business) ,"Romania, Annualised agreed rate (AAR) / Narrowly defined effective rate (NDER), Credit and other institutions (MFI except MMFs and central banks) reporting sector - Loans other than revolving loans and overdrafts, convenience and extended credit card debt, Total initial rate fixation, Total amount, New business coverage, Non-Financial corporations (S.11) sector, denominated in Romanian leu",PCPA,0
MIR.M.RO.B.A2A.A.R.A.2240.RON.N,M,RO,B,A2A,A,R,A,2240,RON,N,2025-12,8.57,A,F,,,P1M,,A,,,,,,,,,,4,,RO2,Bank interest rates - loans to corporations (new business) ,"Romania, Annualised agreed rate (AAR) / Narrowly defined effective rate (NDER), Credit and other institutions (MFI except MMFs and central banks) reporting sector - Loans other than revolving loans and overdrafts, convenience and extended credit card debt, Total initial rate fixation, Total amount, New business coverage, Non-Financial corporations (S.11) sector, denominated in Romanian leu",PCPA,0
MIR.M.RO.B.A2A.A.R.A.2240.RON.N,M,RO,B,A2A,A,R,A,2240,RON,N,2026-01,8.64,A,F,,,P1M,,A,,,,,,,,,,4,,RO2,Bank interest rates - loans to corporations (new business) ,"Romania, Annualised agreed rate (AAR) / Narrowly defined effective rate (NDER), Credit and other institutions (MFI except MMFs and central banks) reporting sector - Loans other than revolving loans and overdrafts, convenience and extended credit card debt, Total initial rate fixation, Total amount, New business coverage, Non-Financial corporations (S.11) sector, denominated in Romanian leu",PCPA,0
MIR.M.RO.B.A2A.A.R.A.2240.RON.N,M,RO,B,A2A,A,R,A,2240,RON,N,2026-02,8.83,A,F,,,P1M,,A,,,,,,,,,,4,,RO2,Bank interest rates - loans to corporations (new business) ,"Romania, Annualised agreed rate (AAR) / Narrowly defined effective rate (NDER), Credit and other institutions (MFI except MMFs and central banks) reporting sector - Loans other than revolving loans and overdrafts, convenience and extended credit card debt, Total initial rate fixation, Total amount, New business coverage, Non-Financial corporations (S.11) sector, denominated in Romanian leu",PCPA,0
MIR.M.RO.B.A2A.A.R.A.2240.RON.N,M,RO,B,A2A,A,R,A,2240,RON,N,2026-03,8.62,A,F,,,P1M,,A,,,,,,,,,,4,,RO2,Bank interest rates - loans to corporations (new business) ,"Romania, Annualised agreed rate (AAR) / Narrowly defined effective rate (NDER), Credit and other institutions (MFI except MMFs and central banks) reporting sector - Loans other than revolving loans and overdrafts, convenience and extended credit card debt, Total initial rate fixation, Total amount, New business coverage, Non-Financial corporations (S.11) sector, denominated in Romanian leu",PCPA,0
MIR.M.RO.B.A2A.A.R.A.2240.RON.N,M,RO,B,A2A,A,R,A,2240,RON,N,2026-04,8.48,A,F,,,P1M,,A,,,,,,,,,,4,,RO2,Bank interest rates - loans to corporations (new business) ,"Romania, Annualised agreed rate (AAR) / Narrowly defined effective rate (NDER), Credit and other institutions (MFI except MMFs and central banks) reporting sector - Loans other than revolving loans and overdrafts, convenience and extended credit card debt, Total initial rate fixation, Total amount, New business coverage, Non-Financial corporations (S.11) sector, denominated in Romanian leu",PCPA,0
MIR.M.RO.B.A2A.A.R.A.2240.RON.N,M,RO,B,A2A,A,R,A,2240,RON,N,2026-05,8.62,A,F,,,P1M,,A,,,,,,,,,,4,,RO2,Bank interest rates - loans to corporations (new business) ,"Romania, Annualised agreed rate (AAR) / Narrowly defined effective rate (NDER), Credit and other institutions (MFI except MMFs and central banks) reporting sector - Loans other than revolving loans and overdrafts, convenience and extended credit card debt, Total initial rate fixation, Total amount, New business coverage, Non-Financial corporations (S.11) sector, denominated in Romanian leu",PCPA,0
MIR.M.RO.B.A2A.A.R.A.2240.RON.N,M,RO,B,A2A,A,R,A,2240,RON,N,2026-06,8.48,A,F,,,P1M,,A,,,,,,,,,,4,,RO2,Bank interest rates - loans to corporations (new business) ,"Romania, Annualised agreed rate (AAR) / Narrowly defined effective rate (NDER), Credit and other institutions (MFI except MMFs and central banks) reporting sector - Loans other than revolving loans and overdrafts, convenience and extended credit card debt, Total initial rate fixation, Total amount, New business coverage, Non-Financial corporations (S.11) sector, denominated in Romanian leu",PCPA,0
MIR.M.RO.B.A2A.A.R.A.2240.RON.N,M,RO,B,A2A,A,R,A,2240,RON,N,2026-07,8.31,A,F,,,P1M,,A,,,,,,,,,,4,,RO2,Bank interest rates - loans to corporations (new business) ,"Romania, Annualised agreed rate (AAR) / Narrowly defined effective rate (NDER), Credit and other institutions (MFI except MMFs and central banks) reporting sector - Loans other than revolving loans and overdrafts, convenience and extended credit card debt, Total initial rate fixation, Total amount, New business coverage, Non-Financial corporations (S.11) sector, denominated in Romanian leu",PCPA,0
